cell_id,embryo,clone_id,clone_uid,cluster
E1_clone0_0,E1,clone0,E1::clone0,1
E1_clone0_1,E1,clone0,E1::clone0,0
E1_clone0_2,E1,clone0,E1::clone0,0
E1_clone0_3,E1,clone0,E1::clone0,1
E1_clone0_4,E1,clone0,E1::clone0,1
E1_clone0_5,E1,clone0,E1::clone0,11
E1_clone0_6,E1,clone0,E1::clone0,0
E1_clone0_7,E1,clone0,E1::clone0,1
E1_clone1_0,E1,clone1,E1::clone1,3
E1_clone1_1,E1,clone1,E1::clone1,3
E1_clone1_2,E1,clone1,E1::clone1,3
E1_clone1_3,E1,clone1,E1::clone1,3
E1_clone1_4,E1,clone1,E1::clone1,4
E1_clone1_5,E1,clone1,E1::clone1,3
E1_clone1_6,E1,clone1,E1::clone1,5
E1_clone1_7,E1,clone1,E1::clone1,5
E1_clone1_8,E1,clone1,E1::clone1,3
E1_clone2_0,E1,clone2,E1::clone2,6
E1_clone2_1,E1,clone2,E1::clone2,6
E1_clone2_2,E1,clone2,E1::clone2,8
E1_clone2_3,E1,clone2,E1::clone2,6
E1_clone2_4,E1,clone2,E1::clone2,6
E1_clone2_5,E1,clone2,E1::clone2,0
E1_clone2_6,E1,clone2,E1::clone2,8
E1_clone2_7,E1,clone2,E1::clone2,8
E1_clone2_8,E1,clone2,E1::clone2,8
E1_clone3_0,E1,clone3,E1::clone3,7
E1_clone3_1,E1,clone3,E1::clone3,7
E1_clone3_2,E1,clone3,E1::clone3,6
E1_clone3_3,E1,clone3,E1::clone3,6
E1_clone3_4,E1,clone3,E1::clone3,8
E1_clone3_5,E1,clone3,E1::clone3,7
E1_clone3_6,E1,clone3,E1::clone3,7
E1_clone3_7,E1,clone3,E1::clone3,8
E1_clone3_8,E1,clone3,E1::clone3,8
E1_clone3_9,E1,clone3,E1::clone3,7
E1_clone4_0,E1,clone4,E1::clone4,0
E1_clone5_0,E1,clone5,E1::clone5,3
E1_clone5_1,E1,clone5,E1::clone5,3
E1_clone5_2,E1,clone5,E1::clone5,6
E1_clone5_3,E1,clone5,E1::clone5,3
E1_clone5_4,E1,clone5,E1::clone5,1
E1_clone5_5,E1,clone5,E1::clone5,3
E1_clone5_6,E1,clone5,E1::clone5,3
E1_clone6_0,E1,clone6,E1::clone6,5
E1_clone6_1,E1,clone6,E1::clone6,4
E1_clone6_2,E1,clone6,E1::clone6,3
E1_clone6_3,E1,clone6,E1::clone6,5
E1_clone6_4,E1,clone6,E1::clone6,3
E1_clone7_0,E1,clone7,E1::clone7,0
E1_clone7_1,E1,clone7,E1::clone7,1
E1_clone7_2,E1,clone7,E1::clone7,1
E1_clone7_3,E1,clone7,E1::clone7,0
E1_clone7_4,E1,clone7,E1::clone7,1
E1_clone7_5,E1,clone7,E1::clone7,0
E1_clone7_6,E1,clone7,E1::clone7,1
E1_clone7_7,E1,clone7,E1::clone7,1
E1_clone8_0,E1,clone8,E1::clone8,1
E1_clone8_1,E1,clone8,E1::clone8,0
E1_clone9_0,E1,clone9,E1::clone9,0
E1_clone9_1,E1,clone9,E1::clone9,11
E1_clone9_2,E1,clone9,E1::clone9,6
E1_clone9_3,E1,clone9,E1::clone9,1
E1_clone9_4,E1,clone9,E1::clone9,0
E1_clone10_0,E1,clone10,E1::clone10,8
E1_clone10_1,E1,clone10,E1::clone10,7
E1_clone10_2,E1,clone10,E1::clone10,6
E1_clone10_3,E1,clone10,E1::clone10,6
E1_clone10_4,E1,clone10,E1::clone10,9
E1_clone10_5,E1,clone10,E1::clone10,7
E1_clone10_6,E1,clone10,E1::clone10,6
E1_clone10_7,E1,clone10,E1::clone10,6
E1_clone10_8,E1,clone10,E1::clone10,7
E1_clone11_0,E1,clone11,E1::clone11,1
E1_clone11_1,E1,clone11,E1::clone11,1
E1_clone11_2,E1,clone11,E1::clone11,1
E1_clone11_3,E1,clone11,E1::clone11,1
E1_clone11_4,E1,clone11,E1::clone11,1
E1_clone11_5,E1,clone11,E1::clone11,1
E1_clone11_6,E1,clone11,E1::clone11,1
E1_clone11_7,E1,clone11,E1::clone11,0
E1_clone11_8,E1,clone11,E1::clone11,1
E1_clone11_9,E1,clone11,E1::clone11,0
E1_clone11_10,E1,clone11,E1::clone11,1
E1_clone12_0,E1,clone12,E1::clone12,0
E1_clone12_1,E1,clone12,E1::clone12,1
E1_clone12_2,E1,clone12,E1::clone12,0
E1_clone13_0,E1,clone13,E1::clone13,7
E1_clone13_1,E1,clone13,E1::clone13,6
E1_clone13_2,E1,clone13,E1::clone13,7
E1_clone13_3,E1,clone13,E1::clone13,1
E1_clone14_0,E1,clone14,E1::clone14,5
E1_clone14_1,E1,clone14,E1::clone14,3
E1_clone15_0,E1,clone15,E1::clone15,3
E1_clone15_1,E1,clone15,E1::clone15,11
E1_clone15_2,E1,clone15,E1::clone15,3
E1_clone15_3,E1,clone15,E1::clone15,3
E1_clone15_4,E1,clone15,E1::clone15,3
E1_clone15_5,E1,clone15,E1::clone15,3
E1_clone15_6,E1,clone15,E1::clone15,3
E1_clone15_7,E1,clone15,E1::clone15,3
E1_clone15_8,E1,clone15,E1::clone15,0
E1_clone15_9,E1,clone15,E1::clone15,5
E1_clone15_10,E1,clone15,E1::clone15,9
E1_clone16_0,E1,clone16,E1::clone16,3
E1_clone16_1,E1,clone16,E1::clone16,4
E1_clone16_2,E1,clone16,E1::clone16,3
E1_clone16_3,E1,clone16,E1::clone16,4
E1_clone16_4,E1,clone16,E1::clone16,5
E1_clone16_5,E1,clone16,E1::clone16,5
E1_clone17_0,E1,clone17,E1::clone17,7
E1_clone17_1,E1,clone17,E1::clone17,0
E1_clone18_0,E1,clone18,E1::clone18,3
E1_clone18_1,E1,clone18,E1::clone18,5
E1_clone18_2,E1,clone18,E1::clone18,5
E1_clone19_0,E1,clone19,E1::clone19,10
E1_clone20_0,E1,clone20,E1::clone20,3
E1_clone20_1,E1,clone20,E1::clone20,11
E1_clone20_2,E1,clone20,E1::clone20,3
E1_clone20_3,E1,clone20,E1::clone20,1
E1_clone20_4,E1,clone20,E1::clone20,3
E1_clone20_5,E1,clone20,E1::clone20,11
E1_clone20_6,E1,clone20,E1::clone20,9
E1_clone21_0,E1,clone21,E1::clone21,9
E1_clone21_1,E1,clone21,E1::clone21,9
E1_clone21_2,E1,clone21,E1::clone21,3
E1_clone21_3,E1,clone21,E1::clone21,3
E1_clone22_0,E1,clone22,E1::clone22,3
E1_clone23_0,E1,clone23,E1::clone23,1
E1_clone23_1,E1,clone23,E1::clone23,0
E1_clone23_2,E1,clone23,E1::clone23,9
E1_clone23_3,E1,clone23,E1::clone23,0
E1_clone23_4,E1,clone23,E1::clone23,0
E1_clone23_5,E1,clone23,E1::clone23,1
E1_clone23_6,E1,clone23,E1::clone23,0
E1_clone23_7,E1,clone23,E1::clone23,0
E1_clone23_8,E1,clone23,E1::clone23,1
E1_clone24_0,E1,clone24,E1::clone24,0
E1_clone24_1,E1,clone24,E1::clone24,1
E1_clone24_2,E1,clone24,E1::clone24,11
E1_clone24_3,E1,clone24,E1::clone24,1
E1_clone24_4,E1,clone24,E1::clone24,0
E1_clone24_5,E1,clone24,E1::clone24,0
E1_clone24_6,E1,clone24,E1::clone24,0
E1_clone24_7,E1,clone24,E1::clone24,0
E1_clone25_0,E1,clone25,E1::clone25,3
E1_clone25_1,E1,clone25,E1::clone25,3
E1_clone25_2,E1,clone25,E1::clone25,5
E1_clone25_3,E1,clone25,E1::clone25,3
E1_clone25_4,E1,clone25,E1::clone25,3
E1_clone25_5,E1,clone25,E1::clone25,5
E1_clone25_6,E1,clone25,E1::clone25,5
E1_clone25_7,E1,clone25,E1::clone25,5
E1_clone25_8,E1,clone25,E1::clone25,3
E1_clone25_9,E1,clone25,E1::clone25,3
E1_clone26_0,E1,clone26,E1::clone26,0
E1_clone26_1,E1,clone26,E1::clone26,1
E1_clone26_2,E1,clone26,E1::clone26,1
E1_clone26_3,E1,clone26,E1::clone26,10
E1_clone26_4,E1,clone26,E1::clone26,0
E1_clone26_5,E1,clone26,E1::clone26,8
E1_clone26_6,E1,clone26,E1::clone26,0
E1_clone27_0,E1,clone27,E1::clone27,3
E1_clone27_1,E1,clone27,E1::clone27,3
E1_clone27_2,E1,clone27,E1::clone27,3
E1_clone27_3,E1,clone27,E1::clone27,3
E1_clone27_4,E1,clone27,E1::clone27,11
E1_clone27_5,E1,clone27,E1::clone27,3
E1_clone27_6,E1,clone27,E1::clone27,11
E1_clone27_7,E1,clone27,E1::clone27,5
E1_clone27_8,E1,clone27,E1::clone27,3
E1_clone27_9,E1,clone27,E1::clone27,5
E1_clone27_10,E1,clone27,E1::clone27,0
E1_clone28_0,E1,clone28,E1::clone28,8
E1_clone28_1,E1,clone28,E1::clone28,6
E1_clone28_2,E1,clone28,E1::clone28,7
E1_clone28_3,E1,clone28,E1::clone28,7
E1_clone28_4,E1,clone28,E1::clone28,8
E1_clone28_5,E1,clone28,E1::clone28,7
E1_clone28_6,E1,clone28,E1::clone28,6
E1_clone28_7,E1,clone28,E1::clone28,6
E1_clone29_0,E1,clone29,E1::clone29,4
E1_clone29_1,E1,clone29,E1::clone29,8
E1_clone30_0,E1,clone30,E1::clone30,0
E1_clone30_1,E1,clone30,E1::clone30,1
E1_clone30_2,E1,clone30,E1::clone30,1
E1_clone30_3,E1,clone30,E1::clone30,0
E1_clone31_0,E1,clone31,E1::clone31,1
E1_clone31_1,E1,clone31,E1::clone31,0
E1_clone31_2,E1,clone31,E1::clone31,1
E1_clone31_3,E1,clone31,E1::clone31,0
E1_clone31_4,E1,clone31,E1::clone31,0
E1_clone32_0,E1,clone32,E1::clone32,0
E1_clone32_1,E1,clone32,E1::clone32,0
E1_clone32_2,E1,clone32,E1::clone32,0
E1_clone32_3,E1,clone32,E1::clone32,0
E1_clone32_4,E1,clone32,E1::clone32,0
E1_clone32_5,E1,clone32,E1::clone32,0
E1_clone32_6,E1,clone32,E1::clone32,0
E1_clone32_7,E1,clone32,E1::clone32,1
E1_clone32_8,E1,clone32,E1::clone32,1
E1_clone32_9,E1,clone32,E1::clone32,1
E1_clone32_10,E1,clone32,E1::clone32,0
E1_clone33_0,E1,clone33,E1::clone33,9
E1_clone33_1,E1,clone33,E1::clone33,6
E1_clone33_2,E1,clone33,E1::clone33,1
E1_clone33_3,E1,clone33,E1::clone33,3
E1_clone33_4,E1,clone33,E1::clone33,3
E1_clone33_5,E1,clone33,E1::clone33,3
E1_clone33_6,E1,clone33,E1::clone33,3
E1_clone33_7,E1,clone33,E1::clone33,3
E1_clone33_8,E1,clone33,E1::clone33,1
E1_clone33_9,E1,clone33,E1::clone33,3
E1_clone33_10,E1,clone33,E1::clone33,3
E1_clone34_0,E1,clone34,E1::clone34,1
E1_clone34_1,E1,clone34,E1::clone34,10
E1_clone34_2,E1,clone34,E1::clone34,6
E1_clone34_3,E1,clone34,E1::clone34,8
E1_clone34_4,E1,clone34,E1::clone34,9
E1_clone34_5,E1,clone34,E1::clone34,11
E1_clone34_6,E1,clone34,E1::clone34,8
E1_clone34_7,E1,clone34,E1::clone34,8
E1_clone34_8,E1,clone34,E1::clone34,8
E1_clone34_9,E1,clone34,E1::clone34,8
E1_clone35_0,E1,clone35,E1::clone35,1
E1_clone35_1,E1,clone35,E1::clone35,1
E1_clone36_0,E1,clone36,E1::clone36,3
E1_clone36_1,E1,clone36,E1::clone36,3
E1_clone36_2,E1,clone36,E1::clone36,3
E1_clone36_3,E1,clone36,E1::clone36,3
E1_clone36_4,E1,clone36,E1::clone36,3
E1_clone36_5,E1,clone36,E1::clone36,3
E1_clone36_6,E1,clone36,E1::clone36,3
E1_clone36_7,E1,clone36,E1::clone36,3
E1_clone36_8,E1,clone36,E1::clone36,3
E1_clone36_9,E1,clone36,E1::clone36,3
E1_clone36_10,E1,clone36,E1::clone36,3
E1_clone37_0,E1,clone37,E1::clone37,3
E1_clone37_1,E1,clone37,E1::clone37,11
E1_clone37_2,E1,clone37,E1::clone37,10
E1_clone37_3,E1,clone37,E1::clone37,3
E1_clone37_4,E1,clone37,E1::clone37,3
E1_clone37_5,E1,clone37,E1::clone37,3
E1_clone37_6,E1,clone37,E1::clone37,6
E1_clone37_7,E1,clone37,E1::clone37,4
E1_clone37_8,E1,clone37,E1::clone37,5
E1_clone37_9,E1,clone37,E1::clone37,3
E1_clone38_0,E1,clone38,E1::clone38,1
E1_clone38_1,E1,clone38,E1::clone38,0
E1_clone38_2,E1,clone38,E1::clone38,1
E1_clone38_3,E1,clone38,E1::clone38,1
E1_clone38_4,E1,clone38,E1::clone38,0
E1_clone38_5,E1,clone38,E1::clone38,1
E1_clone38_6,E1,clone38,E1::clone38,0
E1_clone38_7,E1,clone38,E1::clone38,1
E1_clone38_8,E1,clone38,E1::clone38,0
E1_clone39_0,E1,clone39,E1::clone39,6
E1_clone39_1,E1,clone39,E1::clone39,11
E1_clone39_2,E1,clone39,E1::clone39,8
E1_clone39_3,E1,clone39,E1::clone39,7
E1_clone39_4,E1,clone39,E1::clone39,8
E1_clone39_5,E1,clone39,E1::clone39,8
E1_clone39_6,E1,clone39,E1::clone39,11
E1_clone40_0,E1,clone40,E1::clone40,3
E1_clone41_0,E1,clone41,E1::clone41,3
E1_clone41_1,E1,clone41,E1::clone41,3
E1_clone41_2,E1,clone41,E1::clone41,3
E1_clone42_0,E1,clone42,E1::clone42,5
E1_clone42_1,E1,clone42,E1::clone42,5
E1_clone42_2,E1,clone42,E1::clone42,3
E1_clone42_3,E1,clone42,E1::clone42,3
E1_clone42_4,E1,clone42,E1::clone42,11
E1_clone42_5,E1,clone42,E1::clone42,3
E1_clone43_0,E1,clone43,E1::clone43,0
E1_clone43_1,E1,clone43,E1::clone43,1
E1_clone43_2,E1,clone43,E1::clone43,1
E1_clone43_3,E1,clone43,E1::clone43,1
E1_clone43_4,E1,clone43,E1::clone43,1
E1_clone43_5,E1,clone43,E1::clone43,0
E1_clone44_0,E1,clone44,E1::clone44,6
E1_clone44_1,E1,clone44,E1::clone44,6
E1_clone44_2,E1,clone44,E1::clone44,6
E1_clone44_3,E1,clone44,E1::clone44,6
E1_clone44_4,E1,clone44,E1::clone44,6
E1_clone44_5,E1,clone44,E1::clone44,11
E1_clone44_6,E1,clone44,E1::clone44,6
E1_clone44_7,E1,clone44,E1::clone44,6
E1_clone44_8,E1,clone44,E1::clone44,8
E1_clone45_0,E1,clone45,E1::clone45,11
E1_clone45_1,E1,clone45,E1::clone45,5
E1_clone45_2,E1,clone45,E1::clone45,3
E1_clone45_3,E1,clone45,E1::clone45,3
E1_clone45_4,E1,clone45,E1::clone45,11
E1_clone45_5,E1,clone45,E1::clone45,5
E1_clone45_6,E1,clone45,E1::clone45,11
E1_clone45_7,E1,clone45,E1::clone45,3
E1_clone45_8,E1,clone45,E1::clone45,6
E1_clone45_9,E1,clone45,E1::clone45,3
E1_clone46_0,E1,clone46,E1::clone46,4
E1_clone46_1,E1,clone46,E1::clone46,0
E1_clone47_0,E1,clone47,E1::clone47,5
E1_clone47_1,E1,clone47,E1::clone47,3
E1_clone48_0,E1,clone48,E1::clone48,3
E1_clone48_1,E1,clone48,E1::clone48,10
E1_clone48_2,E1,clone48,E1::clone48,5
E1_clone48_3,E1,clone48,E1::clone48,3
E1_clone48_4,E1,clone48,E1::clone48,11
E1_clone48_5,E1,clone48,E1::clone48,9
E1_clone48_6,E1,clone48,E1::clone48,3
E1_clone48_7,E1,clone48,E1::clone48,5
E1_clone48_8,E1,clone48,E1::clone48,3
E1_clone48_9,E1,clone48,E1::clone48,11
E1_clone48_10,E1,clone48,E1::clone48,4
E1_clone49_0,E1,clone49,E1::clone49,3
E1_clone49_1,E1,clone49,E1::clone49,9
E1_clone49_2,E1,clone49,E1::clone49,1
E1_clone49_3,E1,clone49,E1::clone49,3
E1_clone49_4,E1,clone49,E1::clone49,3
E1_clone49_5,E1,clone49,E1::clone49,5
E1_clone50_0,E1,clone50,E1::clone50,8
E1_clone50_1,E1,clone50,E1::clone50,1
E1_clone50_2,E1,clone50,E1::clone50,0
E1_clone50_3,E1,clone50,E1::clone50,1
E1_clone50_4,E1,clone50,E1::clone50,7
E1_clone50_5,E1,clone50,E1::clone50,8
E1_clone50_6,E1,clone50,E1::clone50,6
E1_clone50_7,E1,clone50,E1::clone50,8
E1_clone50_8,E1,clone50,E1::clone50,3
E1_clone51_0,E1,clone51,E1::clone51,10
E1_clone51_1,E1,clone51,E1::clone51,8
E1_clone51_2,E1,clone51,E1::clone51,8
E1_clone52_0,E1,clone52,E1::clone52,0
E1_clone52_1,E1,clone52,E1::clone52,0
E1_clone52_2,E1,clone52,E1::clone52,1
E1_clone52_3,E1,clone52,E1::clone52,1
E1_clone52_4,E1,clone52,E1::clone52,1
E1_clone52_5,E1,clone52,E1::clone52,1
E1_clone52_6,E1,clone52,E1::clone52,0
E1_clone52_7,E1,clone52,E1::clone52,1
E1_clone52_8,E1,clone52,E1::clone52,0
E1_clone52_9,E1,clone52,E1::clone52,0
E1_clone53_0,E1,clone53,E1::clone53,11
E1_clone53_1,E1,clone53,E1::clone53,3
E1_clone53_2,E1,clone53,E1::clone53,1
E1_clone53_3,E1,clone53,E1::clone53,3
E1_clone53_4,E1,clone53,E1::clone53,1
E1_clone53_5,E1,clone53,E1::clone53,9
E1_clone53_6,E1,clone53,E1::clone53,5
E1_clone53_7,E1,clone53,E1::clone53,3
E1_clone53_8,E1,clone53,E1::clone53,3
E1_clone53_9,E1,clone53,E1::clone53,3
E1_clone54_0,E1,clone54,E1::clone54,5
E1_clone54_1,E1,clone54,E1::clone54,3
E1_clone54_2,E1,clone54,E1::clone54,3
E1_clone54_3,E1,clone54,E1::clone54,3
E1_clone54_4,E1,clone54,E1::clone54,11
E1_clone55_0,E1,clone55,E1::clone55,1
E1_clone55_1,E1,clone55,E1::clone55,1
E1_clone55_2,E1,clone55,E1::clone55,1
E1_clone55_3,E1,clone55,E1::clone55,9
E1_clone55_4,E1,clone55,E1::clone55,0
E1_clone55_5,E1,clone55,E1::clone55,1
E1_clone55_6,E1,clone55,E1::clone55,1
E1_clone55_7,E1,clone55,E1::clone55,1
E1_clone55_8,E1,clone55,E1::clone55,0
E1_clone55_9,E1,clone55,E1::clone55,0
E1_clone55_10,E1,clone55,E1::clone55,0
E1_clone56_0,E1,clone56,E1::clone56,3
E1_clone56_1,E1,clone56,E1::clone56,3
E1_clone57_0,E1,clone57,E1::clone57,3
E1_clone57_1,E1,clone57,E1::clone57,3
E1_clone57_2,E1,clone57,E1::clone57,3
E1_clone57_3,E1,clone57,E1::clone57,3
E1_clone58_0,E1,clone58,E1::clone58,3
E1_clone58_1,E1,clone58,E1::clone58,3
E1_clone58_2,E1,clone58,E1::clone58,3
E1_clone58_3,E1,clone58,E1::clone58,3
E1_clone58_4,E1,clone58,E1::clone58,5
E1_clone58_5,E1,clone58,E1::clone58,3
E1_clone58_6,E1,clone58,E1::clone58,4
E1_clone58_7,E1,clone58,E1::clone58,3
E1_clone58_8,E1,clone58,E1::clone58,5
E1_clone58_9,E1,clone58,E1::clone58,3
E1_clone58_10,E1,clone58,E1::clone58,3
E1_clone59_0,E1,clone59,E1::clone59,3
E1_clone60_0,E1,clone60,E1::clone60,9
E1_clone60_1,E1,clone60,E1::clone60,10
E1_clone60_2,E1,clone60,E1::clone60,3
E1_clone60_3,E1,clone60,E1::clone60,3
E1_clone60_4,E1,clone60,E1::clone60,5
E1_clone60_5,E1,clone60,E1::clone60,3
E1_clone60_6,E1,clone60,E1::clone60,5
E1_clone60_7,E1,clone60,E1::clone60,3
E1_clone60_8,E1,clone60,E1::clone60,3
E1_clone60_9,E1,clone60,E1::clone60,3
E1_clone60_10,E1,clone60,E1::clone60,6
E1_clone61_0,E1,clone61,E1::clone61,0
E1_clone61_1,E1,clone61,E1::clone61,0
E1_clone61_2,E1,clone61,E1::clone61,0
E1_clone61_3,E1,clone61,E1::clone61,0
E1_clone61_4,E1,clone61,E1::clone61,1
E1_clone61_5,E1,clone61,E1::clone61,0
E1_clone62_0,E1,clone62,E1::clone62,6
E1_clone62_1,E1,clone62,E1::clone62,6
E1_clone62_2,E1,clone62,E1::clone62,7
E1_clone62_3,E1,clone62,E1::clone62,6
E1_clone62_4,E1,clone62,E1::clone62,6
E1_clone63_0,E1,clone63,E1::clone63,11
E1_clone63_1,E1,clone63,E1::clone63,8
E1_clone63_2,E1,clone63,E1::clone63,6
E1_clone63_3,E1,clone63,E1::clone63,8
E1_clone63_4,E1,clone63,E1::clone63,8
E1_clone63_5,E1,clone63,E1::clone63,6
E1_clone63_6,E1,clone63,E1::clone63,8
E1_clone63_7,E1,clone63,E1::clone63,0
E1_clone63_8,E1,clone63,E1::clone63,6
E1_clone63_9,E1,clone63,E1::clone63,7
E1_clone64_0,E1,clone64,E1::clone64,1
E1_clone64_1,E1,clone64,E1::clone64,11
E1_clone64_2,E1,clone64,E1::clone64,1
E1_clone64_3,E1,clone64,E1::clone64,1
E1_clone64_4,E1,clone64,E1::clone64,11
E1_clone64_5,E1,clone64,E1::clone64,0
E1_clone65_0,E1,clone65,E1::clone65,3
E1_clone65_1,E1,clone65,E1::clone65,3
E1_clone66_0,E1,clone66,E1::clone66,3
E1_clone66_1,E1,clone66,E1::clone66,3
E1_clone66_2,E1,clone66,E1::clone66,3
E1_clone66_3,E1,clone66,E1::clone66,10
E1_clone66_4,E1,clone66,E1::clone66,1
E1_clone66_5,E1,clone66,E1::clone66,3
E1_clone66_6,E1,clone66,E1::clone66,3
E1_clone66_7,E1,clone66,E1::clone66,3
E1_clone66_8,E1,clone66,E1::clone66,3
E1_clone66_9,E1,clone66,E1::clone66,3
E1_clone67_0,E1,clone67,E1::clone67,0
E1_clone67_1,E1,clone67,E1::clone67,1
E1_clone67_2,E1,clone67,E1::clone67,1
E1_clone67_3,E1,clone67,E1::clone67,1
E1_clone67_4,E1,clone67,E1::clone67,1
E1_clone67_5,E1,clone67,E1::clone67,1
E1_clone67_6,E1,clone67,E1::clone67,0
E1_clone67_7,E1,clone67,E1::clone67,1
E1_clone67_8,E1,clone67,E1::clone67,1
E1_clone68_0,E1,clone68,E1::clone68,7
E1_clone68_1,E1,clone68,E1::clone68,8
E1_clone68_2,E1,clone68,E1::clone68,8
E1_clone68_3,E1,clone68,E1::clone68,7
E1_clone68_4,E1,clone68,E1::clone68,9
E1_clone68_5,E1,clone68,E1::clone68,7
E1_clone68_6,E1,clone68,E1::clone68,8
E1_clone68_7,E1,clone68,E1::clone68,6
E1_clone68_8,E1,clone68,E1::clone68,7
E1_clone68_9,E1,clone68,E1::clone68,7
E1_clone69_0,E1,clone69,E1::clone69,1
E1_clone69_1,E1,clone69,E1::clone69,7
E1_clone69_2,E1,clone69,E1::clone69,1
E1_clone69_3,E1,clone69,E1::clone69,0
E1_clone70_0,E1,clone70,E1::clone70,0
E1_clone71_0,E1,clone71,E1::clone71,7
E1_clone71_1,E1,clone71,E1::clone71,6
E1_clone71_2,E1,clone71,E1::clone71,7
E1_clone71_3,E1,clone71,E1::clone71,0
E1_clone72_0,E1,clone72,E1::clone72,3
E1_clone72_1,E1,clone72,E1::clone72,11
E1_clone72_2,E1,clone72,E1::clone72,3
E1_clone72_3,E1,clone72,E1::clone72,3
E1_clone72_4,E1,clone72,E1::clone72,5
E1_clone73_0,E1,clone73,E1::clone73,8
E1_clone73_1,E1,clone73,E1::clone73,11
E1_clone73_2,E1,clone73,E1::clone73,8
E1_clone73_3,E1,clone73,E1::clone73,8
E1_clone74_0,E1,clone74,E1::clone74,3
E1_clone75_0,E1,clone75,E1::clone75,4
E1_clone75_1,E1,clone75,E1::clone75,11
E1_clone76_0,E1,clone76,E1::clone76,1
E1_clone76_1,E1,clone76,E1::clone76,1
E1_clone77_0,E1,clone77,E1::clone77,0
E1_clone77_1,E1,clone77,E1::clone77,0
E1_clone77_2,E1,clone77,E1::clone77,1
E1_clone77_3,E1,clone77,E1::clone77,1
E1_clone77_4,E1,clone77,E1::clone77,11
E1_clone77_5,E1,clone77,E1::clone77,1
E1_clone77_6,E1,clone77,E1::clone77,11
E1_clone77_7,E1,clone77,E1::clone77,1
E1_clone77_8,E1,clone77,E1::clone77,1
E1_clone77_9,E1,clone77,E1::clone77,0
E1_clone77_10,E1,clone77,E1::clone77,1
E1_clone78_0,E1,clone78,E1::clone78,8
E1_clone78_1,E1,clone78,E1::clone78,1
E1_clone78_2,E1,clone78,E1::clone78,6
E1_clone78_3,E1,clone78,E1::clone78,1
E1_clone78_4,E1,clone78,E1::clone78,6
E1_clone78_5,E1,clone78,E1::clone78,8
E1_clone79_0,E1,clone79,E1::clone79,5
E1_clone79_1,E1,clone79,E1::clone79,8
E1_clone79_2,E1,clone79,E1::clone79,5
E1_clone79_3,E1,clone79,E1::clone79,5
E1_clone79_4,E1,clone79,E1::clone79,1
E1_clone79_5,E1,clone79,E1::clone79,3
E1_clone79_6,E1,clone79,E1::clone79,3
E1_clone79_7,E1,clone79,E1::clone79,7
E1_clone79_8,E1,clone79,E1::clone79,0
E1_clone80_0,E1,clone80,E1::clone80,1
E1_clone80_1,E1,clone80,E1::clone80,3
E1_clone80_2,E1,clone80,E1::clone80,9
E1_clone80_3,E1,clone80,E1::clone80,4
E1_clone80_4,E1,clone80,E1::clone80,3
E1_clone80_5,E1,clone80,E1::clone80,6
E1_clone80_6,E1,clone80,E1::clone80,3
E1_clone80_7,E1,clone80,E1::clone80,6
E1_clone80_8,E1,clone80,E1::clone80,3
E1_clone80_9,E1,clone80,E1::clone80,3
E1_clone80_10,E1,clone80,E1::clone80,3
E1_clone81_0,E1,clone81,E1::clone81,2
E1_clone81_1,E1,clone81,E1::clone81,0
E1_clone81_2,E1,clone81,E1::clone81,0
E1_clone81_3,E1,clone81,E1::clone81,0
E1_clone81_4,E1,clone81,E1::clone81,1
E1_clone81_5,E1,clone81,E1::clone81,1
E1_clone82_0,E1,clone82,E1::clone82,1
E1_clone82_1,E1,clone82,E1::clone82,0
E1_clone82_2,E1,clone82,E1::clone82,1
E1_clone82_3,E1,clone82,E1::clone82,11
E1_clone82_4,E1,clone82,E1::clone82,1
E1_clone82_5,E1,clone82,E1::clone82,1
E1_clone83_0,E1,clone83,E1::clone83,7
E1_clone83_1,E1,clone83,E1::clone83,1
E1_clone83_2,E1,clone83,E1::clone83,0
E1_clone83_3,E1,clone83,E1::clone83,1
E1_clone83_4,E1,clone83,E1::clone83,0
E1_clone83_5,E1,clone83,E1::clone83,0
E1_clone83_6,E1,clone83,E1::clone83,0
E1_clone83_7,E1,clone83,E1::clone83,1
E1_clone83_8,E1,clone83,E1::clone83,1
E1_clone83_9,E1,clone83,E1::clone83,0
E1_clone83_10,E1,clone83,E1::clone83,1
E1_clone84_0,E1,clone84,E1::clone84,7
E1_clone84_1,E1,clone84,E1::clone84,6
E1_clone84_2,E1,clone84,E1::clone84,9
E1_clone84_3,E1,clone84,E1::clone84,6
E1_clone84_4,E1,clone84,E1::clone84,6
E1_clone84_5,E1,clone84,E1::clone84,9
E1_clone84_6,E1,clone84,E1::clone84,7
E1_clone84_7,E1,clone84,E1::clone84,8
E1_clone84_8,E1,clone84,E1::clone84,7
E1_clone84_9,E1,clone84,E1::clone84,8
E1_clone85_0,E1,clone85,E1::clone85,0
E1_clone85_1,E1,clone85,E1::clone85,0
E1_clone85_2,E1,clone85,E1::clone85,0
E1_clone85_3,E1,clone85,E1::clone85,2
E1_clone85_4,E1,clone85,E1::clone85,0
E1_clone85_5,E1,clone85,E1::clone85,1
E1_clone85_6,E1,clone85,E1::clone85,1
E1_clone85_7,E1,clone85,E1::clone85,1
E1_clone85_8,E1,clone85,E1::clone85,1
E1_clone85_9,E1,clone85,E1::clone85,1
E1_clone85_10,E1,clone85,E1::clone85,11
E1_clone86_0,E1,clone86,E1::clone86,9
E1_clone86_1,E1,clone86,E1::clone86,8
E1_clone86_2,E1,clone86,E1::clone86,6
E1_clone86_3,E1,clone86,E1::clone86,7
E1_clone86_4,E1,clone86,E1::clone86,6
E1_clone86_5,E1,clone86,E1::clone86,8
E1_clone86_6,E1,clone86,E1::clone86,11
E1_clone87_0,E1,clone87,E1::clone87,3
E1_clone87_1,E1,clone87,E1::clone87,1
E1_clone87_2,E1,clone87,E1::clone87,11
E1_clone87_3,E1,clone87,E1::clone87,3
E1_clone87_4,E1,clone87,E1::clone87,1
E1_clone87_5,E1,clone87,E1::clone87,3
E1_clone87_6,E1,clone87,E1::clone87,3
E1_clone87_7,E1,clone87,E1::clone87,3
E1_clone88_0,E1,clone88,E1::clone88,0
E1_clone88_1,E1,clone88,E1::clone88,0
E1_clone88_2,E1,clone88,E1::clone88,1
E1_clone89_0,E1,clone89,E1::clone89,1
E1_clone89_1,E1,clone89,E1::clone89,0
E1_clone89_2,E1,clone89,E1::clone89,0
E1_clone89_3,E1,clone89,E1::clone89,1
E1_clone89_4,E1,clone89,E1::clone89,1
E1_clone89_5,E1,clone89,E1::clone89,0
E1_clone90_0,E1,clone90,E1::clone90,0
E1_clone90_1,E1,clone90,E1::clone90,7
E1_clone90_2,E1,clone90,E1::clone90,7
E1_clone90_3,E1,clone90,E1::clone90,6
E1_clone91_0,E1,clone91,E1::clone91,5
E1_clone91_1,E1,clone91,E1::clone91,6
E1_clone92_0,E1,clone92,E1::clone92,0
E1_clone92_1,E1,clone92,E1::clone92,1
E1_clone92_2,E1,clone92,E1::clone92,1
E1_clone92_3,E1,clone92,E1::clone92,0
E1_clone92_4,E1,clone92,E1::clone92,0
E1_clone92_5,E1,clone92,E1::clone92,9
E1_clone93_0,E1,clone93,E1::clone93,1
E1_clone93_1,E1,clone93,E1::clone93,1
E1_clone93_2,E1,clone93,E1::clone93,0
E1_clone94_0,E1,clone94,E1::clone94,7
E1_clone94_1,E1,clone94,E1::clone94,0
E1_clone94_2,E1,clone94,E1::clone94,0
E1_clone94_3,E1,clone94,E1::clone94,0
E1_clone94_4,E1,clone94,E1::clone94,0
E1_clone94_5,E1,clone94,E1::clone94,1
E1_clone94_6,E1,clone94,E1::clone94,0
E1_clone95_0,E1,clone95,E1::clone95,3
E1_clone96_0,E1,clone96,E1::clone96,1
E1_clone96_1,E1,clone96,E1::clone96,1
E1_clone96_2,E1,clone96,E1::clone96,0
E1_clone96_3,E1,clone96,E1::clone96,1
E1_clone96_4,E1,clone96,E1::clone96,1
E1_clone96_5,E1,clone96,E1::clone96,0
E1_clone96_6,E1,clone96,E1::clone96,7
E1_clone96_7,E1,clone96,E1::clone96,1
E1_clone97_0,E1,clone97,E1::clone97,11
E1_clone97_1,E1,clone97,E1::clone97,3
E1_clone97_2,E1,clone97,E1::clone97,5
E1_clone97_3,E1,clone97,E1::clone97,3
E1_clone97_4,E1,clone97,E1::clone97,5
E1_clone97_5,E1,clone97,E1::clone97,3
E1_clone97_6,E1,clone97,E1::clone97,3
E1_clone97_7,E1,clone97,E1::clone97,3
E1_clone97_8,E1,clone97,E1::clone97,3
E1_clone97_9,E1,clone97,E1::clone97,3
E1_clone98_0,E1,clone98,E1::clone98,0
E1_clone98_1,E1,clone98,E1::clone98,0
E1_clone98_2,E1,clone98,E1::clone98,1
E1_clone98_3,E1,clone98,E1::clone98,1
E1_clone98_4,E1,clone98,E1::clone98,1
E1_clone98_5,E1,clone98,E1::clone98,0
E1_clone98_6,E1,clone98,E1::clone98,3
E1_clone98_7,E1,clone98,E1::clone98,1
E1_clone98_8,E1,clone98,E1::clone98,0
E1_clone98_9,E1,clone98,E1::clone98,0
E1_clone99_0,E1,clone99,E1::clone99,3
E1_clone100_0,E1,clone100,E1::clone100,0
E1_clone100_1,E1,clone100,E1::clone100,0
E1_clone100_2,E1,clone100,E1::clone100,11
E1_clone100_3,E1,clone100,E1::clone100,7
E1_clone100_4,E1,clone100,E1::clone100,6
E1_clone100_5,E1,clone100,E1::clone100,9
E1_clone100_6,E1,clone100,E1::clone100,8
E1_clone100_7,E1,clone100,E1::clone100,7
E1_clone100_8,E1,clone100,E1::clone100,8
E1_clone101_0,E1,clone101,E1::clone101,0
E1_clone101_1,E1,clone101,E1::clone101,1
E1_clone101_2,E1,clone101,E1::clone101,0
E1_clone101_3,E1,clone101,E1::clone101,1
E1_clone101_4,E1,clone101,E1::clone101,1
E1_clone101_5,E1,clone101,E1::clone101,0
E1_clone102_0,E1,clone102,E1::clone102,2
E1_clone103_0,E1,clone103,E1::clone103,1
E1_clone103_1,E1,clone103,E1::clone103,1
E1_clone103_2,E1,clone103,E1::clone103,1
E1_clone103_3,E1,clone103,E1::clone103,1
E1_clone103_4,E1,clone103,E1::clone103,1
E1_clone103_5,E1,clone103,E1::clone103,1
E1_clone103_6,E1,clone103,E1::clone103,1
E1_clone104_0,E1,clone104,E1::clone104,3
E1_clone104_1,E1,clone104,E1::clone104,0
E1_clone104_2,E1,clone104,E1::clone104,5
E1_clone104_3,E1,clone104,E1::clone104,3
E1_clone104_4,E1,clone104,E1::clone104,3
E1_clone104_5,E1,clone104,E1::clone104,3
E1_clone104_6,E1,clone104,E1::clone104,9
E1_clone104_7,E1,clone104,E1::clone104,3
E1_clone105_0,E1,clone105,E1::clone105,3
E1_clone105_1,E1,clone105,E1::clone105,11
E1_clone105_2,E1,clone105,E1::clone105,3
E1_clone105_3,E1,clone105,E1::clone105,3
E1_clone105_4,E1,clone105,E1::clone105,7
E1_clone105_5,E1,clone105,E1::clone105,10
E1_clone105_6,E1,clone105,E1::clone105,3
E1_clone105_7,E1,clone105,E1::clone105,3
E1_clone105_8,E1,clone105,E1::clone105,5
E1_clone105_9,E1,clone105,E1::clone105,9
E1_clone105_10,E1,clone105,E1::clone105,3
E1_clone106_0,E1,clone106,E1::clone106,5
E1_clone106_1,E1,clone106,E1::clone106,5
E1_clone106_2,E1,clone106,E1::clone106,3
E1_clone106_3,E1,clone106,E1::clone106,3
E1_clone106_4,E1,clone106,E1::clone106,9
E1_clone107_0,E1,clone107,E1::clone107,8
E1_clone107_1,E1,clone107,E1::clone107,6
E1_clone107_2,E1,clone107,E1::clone107,6
E1_clone107_3,E1,clone107,E1::clone107,8
E1_clone107_4,E1,clone107,E1::clone107,1
E1_clone107_5,E1,clone107,E1::clone107,11
E1_clone108_0,E1,clone108,E1::clone108,9
E1_clone108_1,E1,clone108,E1::clone108,3
E1_clone108_2,E1,clone108,E1::clone108,3
E1_clone108_3,E1,clone108,E1::clone108,3
E1_clone108_4,E1,clone108,E1::clone108,3
E1_clone108_5,E1,clone108,E1::clone108,3
E1_clone108_6,E1,clone108,E1::clone108,3
E1_clone108_7,E1,clone108,E1::clone108,11
E1_clone108_8,E1,clone108,E1::clone108,3
E1_clone108_9,E1,clone108,E1::clone108,3
E1_clone108_10,E1,clone108,E1::clone108,3
E1_clone109_0,E1,clone109,E1::clone109,0
E1_clone109_1,E1,clone109,E1::clone109,0
E1_clone109_2,E1,clone109,E1::clone109,1
E1_clone109_3,E1,clone109,E1::clone109,0
E1_clone109_4,E1,clone109,E1::clone109,10
E1_clone110_0,E1,clone110,E1::clone110,1
E1_clone110_1,E1,clone110,E1::clone110,2
E1_clone110_2,E1,clone110,E1::clone110,0
E1_clone110_3,E1,clone110,E1::clone110,0
E1_clone110_4,E1,clone110,E1::clone110,0
E1_clone110_5,E1,clone110,E1::clone110,1
E1_clone110_6,E1,clone110,E1::clone110,1
E1_clone110_7,E1,clone110,E1::clone110,0
E1_clone111_0,E1,clone111,E1::clone111,1
E1_clone111_1,E1,clone111,E1::clone111,11
E1_clone111_2,E1,clone111,E1::clone111,1
E1_clone112_0,E1,clone112,E1::clone112,0
E1_clone112_1,E1,clone112,E1::clone112,0
E1_clone112_2,E1,clone112,E1::clone112,1
E1_clone112_3,E1,clone112,E1::clone112,2
E1_clone112_4,E1,clone112,E1::clone112,4
E1_clone112_5,E1,clone112,E1::clone112,11
E1_clone112_6,E1,clone112,E1::clone112,11
E1_clone112_7,E1,clone112,E1::clone112,10
E1_clone113_0,E1,clone113,E1::clone113,0
E1_clone113_1,E1,clone113,E1::clone113,0
E1_clone113_2,E1,clone113,E1::clone113,1
E1_clone113_3,E1,clone113,E1::clone113,0
E1_clone113_4,E1,clone113,E1::clone113,1
E1_clone113_5,E1,clone113,E1::clone113,1
E1_clone114_0,E1,clone114,E1::clone114,0
E1_clone114_1,E1,clone114,E1::clone114,0
E1_clone114_2,E1,clone114,E1::clone114,1
E1_clone114_3,E1,clone114,E1::clone114,1
E1_clone114_4,E1,clone114,E1::clone114,1
E1_clone115_0,E1,clone115,E1::clone115,1
E1_clone115_1,E1,clone115,E1::clone115,1
E1_clone115_2,E1,clone115,E1::clone115,1
E1_clone115_3,E1,clone115,E1::clone115,1
E1_clone115_4,E1,clone115,E1::clone115,0
E1_clone115_5,E1,clone115,E1::clone115,9
E1_clone116_0,E1,clone116,E1::clone116,6
E1_clone116_1,E1,clone116,E1::clone116,6
E1_clone116_2,E1,clone116,E1::clone116,8
E1_clone116_3,E1,clone116,E1::clone116,6
E1_clone116_4,E1,clone116,E1::clone116,6
E1_clone117_0,E1,clone117,E1::clone117,3
E1_clone117_1,E1,clone117,E1::clone117,5
E1_clone118_0,E1,clone118,E1::clone118,6
E1_clone118_1,E1,clone118,E1::clone118,7
E1_clone119_0,E1,clone119,E1::clone119,0
E1_clone119_1,E1,clone119,E1::clone119,0
E1_clone119_2,E1,clone119,E1::clone119,9
E1_clone119_3,E1,clone119,E1::clone119,3
E1_clone119_4,E1,clone119,E1::clone119,1
E1_clone119_5,E1,clone119,E1::clone119,1
E1_clone119_6,E1,clone119,E1::clone119,1
E1_clone119_7,E1,clone119,E1::clone119,1
E1_clone119_8,E1,clone119,E1::clone119,1
E1_clone119_9,E1,clone119,E1::clone119,1
E1_clone120_0,E1,clone120,E1::clone120,10
E1_clone120_1,E1,clone120,E1::clone120,1
E1_clone120_2,E1,clone120,E1::clone120,10
E1_clone120_3,E1,clone120,E1::clone120,0
E1_clone121_0,E1,clone121,E1::clone121,3
E1_clone121_1,E1,clone121,E1::clone121,3
E1_clone122_0,E1,clone122,E1::clone122,7
E1_clone122_1,E1,clone122,E1::clone122,0
E1_clone122_2,E1,clone122,E1::clone122,1
E1_clone122_3,E1,clone122,E1::clone122,1
E1_clone122_4,E1,clone122,E1::clone122,1
E1_clone122_5,E1,clone122,E1::clone122,1
E1_clone122_6,E1,clone122,E1::clone122,0
E1_clone122_7,E1,clone122,E1::clone122,11
E1_clone122_8,E1,clone122,E1::clone122,1
E1_clone122_9,E1,clone122,E1::clone122,1
E1_clone123_0,E1,clone123,E1::clone123,3
E1_clone124_0,E1,clone124,E1::clone124,0
E1_clone124_1,E1,clone124,E1::clone124,0
E1_clone124_2,E1,clone124,E1::clone124,1
E1_clone124_3,E1,clone124,E1::clone124,1
E1_clone124_4,E1,clone124,E1::clone124,1
E1_clone124_5,E1,clone124,E1::clone124,1
E1_clone124_6,E1,clone124,E1::clone124,0
E1_clone124_7,E1,clone124,E1::clone124,8
E1_clone124_8,E1,clone124,E1::clone124,1
E1_clone124_9,E1,clone124,E1::clone124,1
E1_clone125_0,E1,clone125,E1::clone125,11
E1_clone125_1,E1,clone125,E1::clone125,0
E1_clone125_2,E1,clone125,E1::clone125,0
E1_clone125_3,E1,clone125,E1::clone125,1
E1_clone125_4,E1,clone125,E1::clone125,0
E1_clone125_5,E1,clone125,E1::clone125,0
E1_clone125_6,E1,clone125,E1::clone125,1
E1_clone125_7,E1,clone125,E1::clone125,1
E1_clone125_8,E1,clone125,E1::clone125,8
E1_clone125_9,E1,clone125,E1::clone125,0
E1_clone125_10,E1,clone125,E1::clone125,1
E1_clone126_0,E1,clone126,E1::clone126,3
E1_clone126_1,E1,clone126,E1::clone126,3
E1_clone126_2,E1,clone126,E1::clone126,11
E1_clone126_3,E1,clone126,E1::clone126,3
E1_clone126_4,E1,clone126,E1::clone126,3
E1_clone126_5,E1,clone126,E1::clone126,4
E1_clone126_6,E1,clone126,E1::clone126,6
E1_clone126_7,E1,clone126,E1::clone126,1
E1_clone127_0,E1,clone127,E1::clone127,9
E1_clone127_1,E1,clone127,E1::clone127,5
E1_clone127_2,E1,clone127,E1::clone127,11
E1_clone127_3,E1,clone127,E1::clone127,3
E1_clone127_4,E1,clone127,E1::clone127,4
E1_clone127_5,E1,clone127,E1::clone127,3
E1_clone128_0,E1,clone128,E1::clone128,1
E1_clone128_1,E1,clone128,E1::clone128,1
E1_clone128_2,E1,clone128,E1::clone128,1
E1_clone128_3,E1,clone128,E1::clone128,1
E1_clone129_0,E1,clone129,E1::clone129,10
E1_clone129_1,E1,clone129,E1::clone129,3
E1_clone129_2,E1,clone129,E1::clone129,3
E1_clone129_3,E1,clone129,E1::clone129,3
E1_clone129_4,E1,clone129,E1::clone129,3
E1_clone129_5,E1,clone129,E1::clone129,3
E1_clone129_6,E1,clone129,E1::clone129,3
E1_clone129_7,E1,clone129,E1::clone129,3
E1_clone129_8,E1,clone129,E1::clone129,4
E1_clone129_9,E1,clone129,E1::clone129,4
E1_clone129_10,E1,clone129,E1::clone129,4
E1_clone130_0,E1,clone130,E1::clone130,0
E1_clone130_1,E1,clone130,E1::clone130,1
E1_clone130_2,E1,clone130,E1::clone130,1
E1_clone130_3,E1,clone130,E1::clone130,0
E1_clone131_0,E1,clone131,E1::clone131,3
E1_clone132_0,E1,clone132,E1::clone132,0
E1_clone132_1,E1,clone132,E1::clone132,1
E1_clone132_2,E1,clone132,E1::clone132,6
E1_clone132_3,E1,clone132,E1::clone132,0
E1_clone132_4,E1,clone132,E1::clone132,1
E1_clone132_5,E1,clone132,E1::clone132,1
E1_clone132_6,E1,clone132,E1::clone132,10
E1_clone132_7,E1,clone132,E1::clone132,1
E1_clone132_8,E1,clone132,E1::clone132,0
E1_clone132_9,E1,clone132,E1::clone132,1
E1_clone133_0,E1,clone133,E1::clone133,11
E1_clone133_1,E1,clone133,E1::clone133,1
E1_clone133_2,E1,clone133,E1::clone133,1
E1_clone133_3,E1,clone133,E1::clone133,0
E1_clone134_0,E1,clone134,E1::clone134,7
E1_clone134_1,E1,clone134,E1::clone134,7
E1_clone134_2,E1,clone134,E1::clone134,11
E1_clone134_3,E1,clone134,E1::clone134,8
E1_clone134_4,E1,clone134,E1::clone134,6
E1_clone134_5,E1,clone134,E1::clone134,7
E1_clone135_0,E1,clone135,E1::clone135,3
E1_clone135_1,E1,clone135,E1::clone135,3
E1_clone135_2,E1,clone135,E1::clone135,3
E1_clone135_3,E1,clone135,E1::clone135,10
E1_clone135_4,E1,clone135,E1::clone135,10
E1_clone136_0,E1,clone136,E1::clone136,8
E1_clone136_1,E1,clone136,E1::clone136,8
E1_clone136_2,E1,clone136,E1::clone136,8
E1_clone136_3,E1,clone136,E1::clone136,7
E1_clone137_0,E1,clone137,E1::clone137,3
E1_clone137_1,E1,clone137,E1::clone137,3
E1_clone137_2,E1,clone137,E1::clone137,3
E1_clone137_3,E1,clone137,E1::clone137,3
E1_clone137_4,E1,clone137,E1::clone137,3
E1_clone137_5,E1,clone137,E1::clone137,3
E1_clone137_6,E1,clone137,E1::clone137,3
E1_clone137_7,E1,clone137,E1::clone137,5
E1_clone137_8,E1,clone137,E1::clone137,7
E1_clone137_9,E1,clone137,E1::clone137,3
E1_clone138_0,E1,clone138,E1::clone138,1
E1_clone138_1,E1,clone138,E1::clone138,1
E1_clone138_2,E1,clone138,E1::clone138,0
E1_clone138_3,E1,clone138,E1::clone138,1
E1_clone138_4,E1,clone138,E1::clone138,0
E1_clone139_0,E1,clone139,E1::clone139,11
E1_clone140_0,E1,clone140,E1::clone140,1
E1_clone140_1,E1,clone140,E1::clone140,1
E1_clone140_2,E1,clone140,E1::clone140,9
E1_clone140_3,E1,clone140,E1::clone140,11
E1_clone141_0,E1,clone141,E1::clone141,0
E1_clone141_1,E1,clone141,E1::clone141,1
E1_clone141_2,E1,clone141,E1::clone141,0
E1_clone142_0,E1,clone142,E1::clone142,3
E1_clone142_1,E1,clone142,E1::clone142,5
E1_clone142_2,E1,clone142,E1::clone142,3
E1_clone142_3,E1,clone142,E1::clone142,3
E1_clone142_4,E1,clone142,E1::clone142,3
E1_clone142_5,E1,clone142,E1::clone142,3
E1_clone143_0,E1,clone143,E1::clone143,4
E1_clone143_1,E1,clone143,E1::clone143,11
E1_clone143_2,E1,clone143,E1::clone143,11
E1_clone143_3,E1,clone143,E1::clone143,3
E1_clone143_4,E1,clone143,E1::clone143,3
E1_clone143_5,E1,clone143,E1::clone143,5
E1_clone143_6,E1,clone143,E1::clone143,11
E1_clone143_7,E1,clone143,E1::clone143,3
E1_clone143_8,E1,clone143,E1::clone143,3
E1_clone143_9,E1,clone143,E1::clone143,3
E1_clone144_0,E1,clone144,E1::clone144,3
E1_clone144_1,E1,clone144,E1::clone144,5
E1_clone144_2,E1,clone144,E1::clone144,5
E1_clone145_0,E1,clone145,E1::clone145,6
E1_clone146_0,E1,clone146,E1::clone146,5
E1_clone146_1,E1,clone146,E1::clone146,3
E1_clone146_2,E1,clone146,E1::clone146,9
E1_clone146_3,E1,clone146,E1::clone146,3
E1_clone146_4,E1,clone146,E1::clone146,9
E1_clone147_0,E1,clone147,E1::clone147,0
E1_clone147_1,E1,clone147,E1::clone147,1
E1_clone147_2,E1,clone147,E1::clone147,0
E1_clone147_3,E1,clone147,E1::clone147,0
E1_clone148_0,E1,clone148,E1::clone148,5
E1_clone148_1,E1,clone148,E1::clone148,1
E1_clone148_2,E1,clone148,E1::clone148,4
E1_clone149_0,E1,clone149,E1::clone149,6
E2_clone0_0,E2,clone0,E2::clone0,4
E2_clone0_1,E2,clone0,E2::clone0,5
E2_clone0_2,E2,clone0,E2::clone0,8
E2_clone0_3,E2,clone0,E2::clone0,5
E2_clone0_4,E2,clone0,E2::clone0,3
E2_clone0_5,E2,clone0,E2::clone0,3
E2_clone0_6,E2,clone0,E2::clone0,5
E2_clone0_7,E2,clone0,E2::clone0,3
E2_clone0_8,E2,clone0,E2::clone0,5
E2_clone0_9,E2,clone0,E2::clone0,5
E2_clone0_10,E2,clone0,E2::clone0,5
E2_clone1_0,E2,clone1,E2::clone1,8
E2_clone1_1,E2,clone1,E2::clone1,1
E2_clone1_2,E2,clone1,E2::clone1,2
E2_clone1_3,E2,clone1,E2::clone1,8
E2_clone1_4,E2,clone1,E2::clone1,8
E2_clone1_5,E2,clone1,E2::clone1,6
E2_clone1_6,E2,clone1,E2::clone1,8
E2_clone1_7,E2,clone1,E2::clone1,8
E2_clone2_0,E2,clone2,E2::clone2,4
E2_clone2_1,E2,clone2,E2::clone2,3
E2_clone3_0,E2,clone3,E2::clone3,3
E2_clone3_1,E2,clone3,E2::clone3,5
E2_clone3_2,E2,clone3,E2::clone3,5
E2_clone3_3,E2,clone3,E2::clone3,2
E2_clone3_4,E2,clone3,E2::clone3,0
E2_clone3_5,E2,clone3,E2::clone3,3
E2_clone3_6,E2,clone3,E2::clone3,5
E2_clone3_7,E2,clone3,E2::clone3,5
E2_clone3_8,E2,clone3,E2::clone3,3
E2_clone3_9,E2,clone3,E2::clone3,5
E2_clone4_0,E2,clone4,E2::clone4,6
E2_clone4_1,E2,clone4,E2::clone4,2
E2_clone5_0,E2,clone5,E2::clone5,2
E2_clone5_1,E2,clone5,E2::clone5,1
E2_clone5_2,E2,clone5,E2::clone5,2
E2_clone5_3,E2,clone5,E2::clone5,1
E2_clone5_4,E2,clone5,E2::clone5,1
E2_clone5_5,E2,clone5,E2::clone5,1
E2_clone6_0,E2,clone6,E2::clone6,1
E2_clone6_1,E2,clone6,E2::clone6,2
E2_clone7_0,E2,clone7,E2::clone7,1
E2_clone7_1,E2,clone7,E2::clone7,1
E2_clone7_2,E2,clone7,E2::clone7,1
E2_clone7_3,E2,clone7,E2::clone7,1
E2_clone7_4,E2,clone7,E2::clone7,2
E2_clone8_0,E2,clone8,E2::clone8,8
E2_clone8_1,E2,clone8,E2::clone8,6
E2_clone8_2,E2,clone8,E2::clone8,6
E2_clone8_3,E2,clone8,E2::clone8,6
E2_clone8_4,E2,clone8,E2::clone8,8
E2_clone9_0,E2,clone9,E2::clone9,2
E2_clone9_1,E2,clone9,E2::clone9,2
E2_clone9_2,E2,clone9,E2::clone9,2
E2_clone10_0,E2,clone10,E2::clone10,2
E2_clone10_1,E2,clone10,E2::clone10,8
E2_clone10_2,E2,clone10,E2::clone10,7
E2_clone10_3,E2,clone10,E2::clone10,8
E2_clone10_4,E2,clone10,E2::clone10,8
E2_clone10_5,E2,clone10,E2::clone10,8
E2_clone10_6,E2,clone10,E2::clone10,6
E2_clone10_7,E2,clone10,E2::clone10,8
E2_clone11_0,E2,clone11,E2::clone11,4
E2_clone11_1,E2,clone11,E2::clone11,8
E2_clone11_2,E2,clone11,E2::clone11,4
E2_clone11_3,E2,clone11,E2::clone11,4
E2_clone11_4,E2,clone11,E2::clone11,5
E2_clone11_5,E2,clone11,E2::clone11,3
E2_clone12_0,E2,clone12,E2::clone12,1
E2_clone12_1,E2,clone12,E2::clone12,2
E2_clone12_2,E2,clone12,E2::clone12,2
E2_clone12_3,E2,clone12,E2::clone12,1
E2_clone12_4,E2,clone12,E2::clone12,1
E2_clone12_5,E2,clone12,E2::clone12,1
E2_clone12_6,E2,clone12,E2::clone12,2
E2_clone12_7,E2,clone12,E2::clone12,2
E2_clone13_0,E2,clone13,E2::clone13,8
E2_clone13_1,E2,clone13,E2::clone13,7
E2_clone13_2,E2,clone13,E2::clone13,8
E2_clone13_3,E2,clone13,E2::clone13,8
E2_clone14_0,E2,clone14,E2::clone14,5
E2_clone14_1,E2,clone14,E2::clone14,3
E2_clone14_2,E2,clone14,E2::clone14,3
E2_clone14_3,E2,clone14,E2::clone14,4
E2_clone14_4,E2,clone14,E2::clone14,2
E2_clone15_0,E2,clone15,E2::clone15,2
E2_clone15_1,E2,clone15,E2::clone15,1
E2_clone15_2,E2,clone15,E2::clone15,1
E2_clone15_3,E2,clone15,E2::clone15,2
E2_clone15_4,E2,clone15,E2::clone15,2
E2_clone15_5,E2,clone15,E2::clone15,1
E2_clone16_0,E2,clone16,E2::clone16,8
E2_clone16_1,E2,clone16,E2::clone16,8
E2_clone16_2,E2,clone16,E2::clone16,2
E2_clone16_3,E2,clone16,E2::clone16,8
E2_clone16_4,E2,clone16,E2::clone16,8
E2_clone16_5,E2,clone16,E2::clone16,8
E2_clone17_0,E2,clone17,E2::clone17,1
E2_clone17_1,E2,clone17,E2::clone17,1
E2_clone17_2,E2,clone17,E2::clone17,5
E2_clone17_3,E2,clone17,E2::clone17,5
E2_clone17_4,E2,clone17,E2::clone17,1
E2_clone17_5,E2,clone17,E2::clone17,5
E2_clone17_6,E2,clone17,E2::clone17,5
E2_clone17_7,E2,clone17,E2::clone17,4
E2_clone17_8,E2,clone17,E2::clone17,4
E2_clone17_9,E2,clone17,E2::clone17,1
E2_clone18_0,E2,clone18,E2::clone18,2
E2_clone18_1,E2,clone18,E2::clone18,1
E2_clone18_2,E2,clone18,E2::clone18,2
E2_clone18_3,E2,clone18,E2::clone18,1
E2_clone18_4,E2,clone18,E2::clone18,1
E2_clone18_5,E2,clone18,E2::clone18,2
E2_clone18_6,E2,clone18,E2::clone18,1
E2_clone19_0,E2,clone19,E2::clone19,8
E2_clone19_1,E2,clone19,E2::clone19,8
E2_clone19_2,E2,clone19,E2::clone19,5
E2_clone19_3,E2,clone19,E2::clone19,3
E2_clone19_4,E2,clone19,E2::clone19,5
E2_clone19_5,E2,clone19,E2::clone19,5
E2_clone19_6,E2,clone19,E2::clone19,4
E2_clone19_7,E2,clone19,E2::clone19,3
E2_clone19_8,E2,clone19,E2::clone19,5
E2_clone20_0,E2,clone20,E2::clone20,8
E2_clone20_1,E2,clone20,E2::clone20,5
E2_clone20_2,E2,clone20,E2::clone20,4
E2_clone20_3,E2,clone20,E2::clone20,3
E2_clone20_4,E2,clone20,E2::clone20,4
E2_clone20_5,E2,clone20,E2::clone20,3
E2_clone21_0,E2,clone21,E2::clone21,8
E2_clone21_1,E2,clone21,E2::clone21,6
E2_clone21_2,E2,clone21,E2::clone21,6
E2_clone21_3,E2,clone21,E2::clone21,8
E2_clone21_4,E2,clone21,E2::clone21,1
E2_clone21_5,E2,clone21,E2::clone21,8
E2_clone22_0,E2,clone22,E2::clone22,3
E2_clone22_1,E2,clone22,E2::clone22,5
E2_clone22_2,E2,clone22,E2::clone22,4
E2_clone22_3,E2,clone22,E2::clone22,5
E2_clone22_4,E2,clone22,E2::clone22,1
E2_clone22_5,E2,clone22,E2::clone22,4
E2_clone23_0,E2,clone23,E2::clone23,3
E2_clone23_1,E2,clone23,E2::clone23,3
E2_clone23_2,E2,clone23,E2::clone23,3
E2_clone23_3,E2,clone23,E2::clone23,3
E2_clone23_4,E2,clone23,E2::clone23,2
E2_clone23_5,E2,clone23,E2::clone23,8
E2_clone24_0,E2,clone24,E2::clone24,8
E2_clone24_1,E2,clone24,E2::clone24,5
E2_clone24_2,E2,clone24,E2::clone24,8
E2_clone25_0,E2,clone25,E2::clone25,8
E2_clone25_1,E2,clone25,E2::clone25,8
E2_clone25_2,E2,clone25,E2::clone25,8
E2_clone25_3,E2,clone25,E2::clone25,2
E2_clone25_4,E2,clone25,E2::clone25,8
E2_clone26_0,E2,clone26,E2::clone26,2
E2_clone26_1,E2,clone26,E2::clone26,8
E2_clone26_2,E2,clone26,E2::clone26,6
E2_clone26_3,E2,clone26,E2::clone26,8
E2_clone26_4,E2,clone26,E2::clone26,2
E2_clone27_0,E2,clone27,E2::clone27,8
E2_clone27_1,E2,clone27,E2::clone27,6
E2_clone27_2,E2,clone27,E2::clone27,2
E2_clone27_3,E2,clone27,E2::clone27,8
E2_clone27_4,E2,clone27,E2::clone27,6
E2_clone27_5,E2,clone27,E2::clone27,8
E2_clone27_6,E2,clone27,E2::clone27,8
E2_clone27_7,E2,clone27,E2::clone27,8
E2_clone27_8,E2,clone27,E2::clone27,8
E2_clone27_9,E2,clone27,E2::clone27,8
E2_clone27_10,E2,clone27,E2::clone27,2
E2_clone28_0,E2,clone28,E2::clone28,1
E2_clone28_1,E2,clone28,E2::clone28,1
E2_clone29_0,E2,clone29,E2::clone29,6
E2_clone29_1,E2,clone29,E2::clone29,8
E2_clone29_2,E2,clone29,E2::clone29,8
E2_clone29_3,E2,clone29,E2::clone29,8
E2_clone29_4,E2,clone29,E2::clone29,8
E2_clone29_5,E2,clone29,E2::clone29,8
E2_clone29_6,E2,clone29,E2::clone29,8
E2_clone29_7,E2,clone29,E2::clone29,6
E2_clone29_8,E2,clone29,E2::clone29,8
E2_clone29_9,E2,clone29,E2::clone29,8
E2_clone29_10,E2,clone29,E2::clone29,8
E2_clone30_0,E2,clone30,E2::clone30,8
E2_clone30_1,E2,clone30,E2::clone30,8
E2_clone30_2,E2,clone30,E2::clone30,8
E2_clone30_3,E2,clone30,E2::clone30,7
E2_clone30_4,E2,clone30,E2::clone30,7
E2_clone30_5,E2,clone30,E2::clone30,8
E2_clone30_6,E2,clone30,E2::clone30,6
E2_clone30_7,E2,clone30,E2::clone30,5
E2_clone30_8,E2,clone30,E2::clone30,8
E2_clone30_9,E2,clone30,E2::clone30,8
E2_clone30_10,E2,clone30,E2::clone30,8
E2_clone31_0,E2,clone31,E2::clone31,1
E2_clone31_1,E2,clone31,E2::clone31,3
E2_clone31_2,E2,clone31,E2::clone31,3
E2_clone31_3,E2,clone31,E2::clone31,8
E2_clone31_4,E2,clone31,E2::clone31,3
E2_clone31_5,E2,clone31,E2::clone31,4
E2_clone31_6,E2,clone31,E2::clone31,6
E2_clone31_7,E2,clone31,E2::clone31,8
E2_clone31_8,E2,clone31,E2::clone31,3
E2_clone31_9,E2,clone31,E2::clone31,1
E2_clone32_0,E2,clone32,E2::clone32,1
E2_clone32_1,E2,clone32,E2::clone32,2
E2_clone32_2,E2,clone32,E2::clone32,2
E2_clone32_3,E2,clone32,E2::clone32,2
E2_clone33_0,E2,clone33,E2::clone33,3
E2_clone33_1,E2,clone33,E2::clone33,5
E2_clone34_0,E2,clone34,E2::clone34,8
E2_clone34_1,E2,clone34,E2::clone34,7
E2_clone34_2,E2,clone34,E2::clone34,6
E2_clone34_3,E2,clone34,E2::clone34,6
E2_clone34_4,E2,clone34,E2::clone34,8
E2_clone34_5,E2,clone34,E2::clone34,8
E2_clone34_6,E2,clone34,E2::clone34,7
E2_clone34_7,E2,clone34,E2::clone34,8
E2_clone34_8,E2,clone34,E2::clone34,8
E2_clone34_9,E2,clone34,E2::clone34,6
E2_clone35_0,E2,clone35,E2::clone35,2
E2_clone35_1,E2,clone35,E2::clone35,2
E2_clone35_2,E2,clone35,E2::clone35,1
E2_clone35_3,E2,clone35,E2::clone35,1
E2_clone35_4,E2,clone35,E2::clone35,2
E2_clone35_5,E2,clone35,E2::clone35,1
E2_clone35_6,E2,clone35,E2::clone35,2
E2_clone36_0,E2,clone36,E2::clone36,2
E2_clone36_1,E2,clone36,E2::clone36,2
E2_clone36_2,E2,clone36,E2::clone36,2
E2_clone36_3,E2,clone36,E2::clone36,1
E2_clone36_4,E2,clone36,E2::clone36,10
E2_clone36_5,E2,clone36,E2::clone36,1
E2_clone36_6,E2,clone36,E2::clone36,1
E2_clone36_7,E2,clone36,E2::clone36,1
E2_clone36_8,E2,clone36,E2::clone36,1
E2_clone37_0,E2,clone37,E2::clone37,3
E2_clone37_1,E2,clone37,E2::clone37,5
E2_clone37_2,E2,clone37,E2::clone37,1
E2_clone38_0,E2,clone38,E2::clone38,5
E2_clone38_1,E2,clone38,E2::clone38,4
E2_clone38_2,E2,clone38,E2::clone38,2
E2_clone38_3,E2,clone38,E2::clone38,5
E2_clone38_4,E2,clone38,E2::clone38,5
E2_clone38_5,E2,clone38,E2::clone38,5
E2_clone38_6,E2,clone38,E2::clone38,4
E2_clone39_0,E2,clone39,E2::clone39,5
E2_clone39_1,E2,clone39,E2::clone39,5
E2_clone39_2,E2,clone39,E2::clone39,3
E2_clone39_3,E2,clone39,E2::clone39,5
E2_clone39_4,E2,clone39,E2::clone39,5
E2_clone39_5,E2,clone39,E2::clone39,8
E2_clone39_6,E2,clone39,E2::clone39,3
E2_clone39_7,E2,clone39,E2::clone39,4
E2_clone39_8,E2,clone39,E2::clone39,5
E2_clone39_9,E2,clone39,E2::clone39,4
E2_clone39_10,E2,clone39,E2::clone39,5
E2_clone40_0,E2,clone40,E2::clone40,2
E2_clone40_1,E2,clone40,E2::clone40,1
E2_clone40_2,E2,clone40,E2::clone40,1
E2_clone40_3,E2,clone40,E2::clone40,2
E2_clone40_4,E2,clone40,E2::clone40,2
E2_clone40_5,E2,clone40,E2::clone40,2
E2_clone41_0,E2,clone41,E2::clone41,1
E2_clone41_1,E2,clone41,E2::clone41,2
E2_clone41_2,E2,clone41,E2::clone41,1
E2_clone41_3,E2,clone41,E2::clone41,1
E2_clone41_4,E2,clone41,E2::clone41,1
E2_clone41_5,E2,clone41,E2::clone41,2
E2_clone42_0,E2,clone42,E2::clone42,8
E2_clone42_1,E2,clone42,E2::clone42,6
E2_clone42_2,E2,clone42,E2::clone42,7
E2_clone43_0,E2,clone43,E2::clone43,3
E2_clone43_1,E2,clone43,E2::clone43,3
E2_clone43_2,E2,clone43,E2::clone43,3
E2_clone43_3,E2,clone43,E2::clone43,3
E2_clone43_4,E2,clone43,E2::clone43,5
E2_clone43_5,E2,clone43,E2::clone43,5
E2_clone43_6,E2,clone43,E2::clone43,2
E2_clone43_7,E2,clone43,E2::clone43,4
E2_clone43_8,E2,clone43,E2::clone43,5
E2_clone43_9,E2,clone43,E2::clone43,5
E2_clone44_0,E2,clone44,E2::clone44,5
E2_clone44_1,E2,clone44,E2::clone44,3
E2_clone45_0,E2,clone45,E2::clone45,1
E2_clone45_1,E2,clone45,E2::clone45,1
E2_clone45_2,E2,clone45,E2::clone45,1
E2_clone45_3,E2,clone45,E2::clone45,1
E2_clone45_4,E2,clone45,E2::clone45,2
E2_clone45_5,E2,clone45,E2::clone45,1
E2_clone45_6,E2,clone45,E2::clone45,1
E2_clone45_7,E2,clone45,E2::clone45,1
E2_clone45_8,E2,clone45,E2::clone45,1
E2_clone46_0,E2,clone46,E2::clone46,1
E2_clone46_1,E2,clone46,E2::clone46,2
E2_clone46_2,E2,clone46,E2::clone46,2
E2_clone46_3,E2,clone46,E2::clone46,2
E2_clone46_4,E2,clone46,E2::clone46,2
E2_clone46_5,E2,clone46,E2::clone46,2
E2_clone46_6,E2,clone46,E2::clone46,11
E2_clone46_7,E2,clone46,E2::clone46,2
E2_clone47_0,E2,clone47,E2::clone47,8
E2_clone47_1,E2,clone47,E2::clone47,8
E2_clone47_2,E2,clone47,E2::clone47,8
E2_clone47_3,E2,clone47,E2::clone47,5
E2_clone48_0,E2,clone48,E2::clone48,4
E2_clone48_1,E2,clone48,E2::clone48,4
E2_clone48_2,E2,clone48,E2::clone48,5
E2_clone48_3,E2,clone48,E2::clone48,5
E2_clone48_4,E2,clone48,E2::clone48,5
E2_clone48_5,E2,clone48,E2::clone48,3
E2_clone48_6,E2,clone48,E2::clone48,3
E2_clone48_7,E2,clone48,E2::clone48,5
E2_clone49_0,E2,clone49,E2::clone49,11
E2_clone50_0,E2,clone50,E2::clone50,7
E2_clone50_1,E2,clone50,E2::clone50,8
E2_clone50_2,E2,clone50,E2::clone50,6
E2_clone50_3,E2,clone50,E2::clone50,8
E2_clone50_4,E2,clone50,E2::clone50,8
E2_clone50_5,E2,clone50,E2::clone50,7
E2_clone50_6,E2,clone50,E2::clone50,8
E2_clone50_7,E2,clone50,E2::clone50,6
E2_clone51_0,E2,clone51,E2::clone51,1
E2_clone51_1,E2,clone51,E2::clone51,1
E2_clone51_2,E2,clone51,E2::clone51,2
E2_clone51_3,E2,clone51,E2::clone51,1
E2_clone51_4,E2,clone51,E2::clone51,2
E2_clone51_5,E2,clone51,E2::clone51,2
E2_clone51_6,E2,clone51,E2::clone51,1
E2_clone51_7,E2,clone51,E2::clone51,1
E2_clone51_8,E2,clone51,E2::clone51,2
E2_clone51_9,E2,clone51,E2::clone51,1
E2_clone52_0,E2,clone52,E2::clone52,2
E2_clone52_1,E2,clone52,E2::clone52,2
E2_clone52_2,E2,clone52,E2::clone52,1
E2_clone52_3,E2,clone52,E2::clone52,1
E2_clone52_4,E2,clone52,E2::clone52,4
E2_clone52_5,E2,clone52,E2::clone52,1
E2_clone52_6,E2,clone52,E2::clone52,1
E2_clone52_7,E2,clone52,E2::clone52,1
E2_clone52_8,E2,clone52,E2::clone52,1
E2_clone52_9,E2,clone52,E2::clone52,2
E2_clone52_10,E2,clone52,E2::clone52,2
E2_clone53_0,E2,clone53,E2::clone53,2
E2_clone53_1,E2,clone53,E2::clone53,1
E2_clone53_2,E2,clone53,E2::clone53,0
E2_clone53_3,E2,clone53,E2::clone53,2
E2_clone53_4,E2,clone53,E2::clone53,9
E2_clone53_5,E2,clone53,E2::clone53,1
E2_clone53_6,E2,clone53,E2::clone53,1
E2_clone53_7,E2,clone53,E2::clone53,2
E2_clone53_8,E2,clone53,E2::clone53,2
E2_clone53_9,E2,clone53,E2::clone53,1
E2_clone53_10,E2,clone53,E2::clone53,1
E2_clone54_0,E2,clone54,E2::clone54,1
E2_clone54_1,E2,clone54,E2::clone54,1
E2_clone54_2,E2,clone54,E2::clone54,1
E2_clone54_3,E2,clone54,E2::clone54,1
E2_clone55_0,E2,clone55,E2::clone55,8
E2_clone55_1,E2,clone55,E2::clone55,8
E2_clone55_2,E2,clone55,E2::clone55,8
E2_clone55_3,E2,clone55,E2::clone55,8
E2_clone55_4,E2,clone55,E2::clone55,8
E2_clone55_5,E2,clone55,E2::clone55,8
E2_clone55_6,E2,clone55,E2::clone55,6
E2_clone55_7,E2,clone55,E2::clone55,8
E2_clone55_8,E2,clone55,E2::clone55,8
E2_clone56_0,E2,clone56,E2::clone56,3
E2_clone56_1,E2,clone56,E2::clone56,3
E2_clone56_2,E2,clone56,E2::clone56,4
E2_clone56_3,E2,clone56,E2::clone56,3
E2_clone56_4,E2,clone56,E2::clone56,5
E2_clone56_5,E2,clone56,E2::clone56,5
E2_clone56_6,E2,clone56,E2::clone56,5
E2_clone56_7,E2,clone56,E2::clone56,3
E2_clone56_8,E2,clone56,E2::clone56,3
E2_clone56_9,E2,clone56,E2::clone56,3
E2_clone56_10,E2,clone56,E2::clone56,3
E2_clone57_0,E2,clone57,E2::clone57,8
E2_clone57_1,E2,clone57,E2::clone57,6
E2_clone58_0,E2,clone58,E2::clone58,1
E2_clone58_1,E2,clone58,E2::clone58,1
E2_clone58_2,E2,clone58,E2::clone58,2
E2_clone58_3,E2,clone58,E2::clone58,2
E2_clone58_4,E2,clone58,E2::clone58,1
E2_clone59_0,E2,clone59,E2::clone59,8
E2_clone59_1,E2,clone59,E2::clone59,8
E2_clone59_2,E2,clone59,E2::clone59,6
E2_clone59_3,E2,clone59,E2::clone59,2
E2_clone59_4,E2,clone59,E2::clone59,8
E2_clone59_5,E2,clone59,E2::clone59,6
E2_clone59_6,E2,clone59,E2::clone59,8
E2_clone59_7,E2,clone59,E2::clone59,8
E2_clone59_8,E2,clone59,E2::clone59,6
E2_clone59_9,E2,clone59,E2::clone59,8
E2_clone60_0,E2,clone60,E2::clone60,4
E2_clone60_1,E2,clone60,E2::clone60,5
E2_clone61_0,E2,clone61,E2::clone61,5
E2_clone61_1,E2,clone61,E2::clone61,5
E2_clone61_2,E2,clone61,E2::clone61,5
E2_clone61_3,E2,clone61,E2::clone61,3
E2_clone61_4,E2,clone61,E2::clone61,3
E2_clone61_5,E2,clone61,E2::clone61,3
E2_clone61_6,E2,clone61,E2::clone61,4
E2_clone61_7,E2,clone61,E2::clone61,4
E2_clone61_8,E2,clone61,E2::clone61,5
E2_clone61_9,E2,clone61,E2::clone61,4
E2_clone61_10,E2,clone61,E2::clone61,5
E2_clone62_0,E2,clone62,E2::clone62,2
E2_clone62_1,E2,clone62,E2::clone62,2
E2_clone62_2,E2,clone62,E2::clone62,2
E2_clone62_3,E2,clone62,E2::clone62,1
E2_clone62_4,E2,clone62,E2::clone62,2
E2_clone62_5,E2,clone62,E2::clone62,3
E2_clone62_6,E2,clone62,E2::clone62,2
E2_clone62_7,E2,clone62,E2::clone62,2
E2_clone62_8,E2,clone62,E2::clone62,8
E2_clone62_9,E2,clone62,E2::clone62,1
E2_clone62_10,E2,clone62,E2::clone62,2
E2_clone63_0,E2,clone63,E2::clone63,10
E2_clone63_1,E2,clone63,E2::clone63,2
E2_clone63_2,E2,clone63,E2::clone63,4
E2_clone63_3,E2,clone63,E2::clone63,5
E2_clone63_4,E2,clone63,E2::clone63,3
E2_clone63_5,E2,clone63,E2::clone63,5
E2_clone63_6,E2,clone63,E2::clone63,4
E2_clone63_7,E2,clone63,E2::clone63,8
E2_clone63_8,E2,clone63,E2::clone63,5
E2_clone63_9,E2,clone63,E2::clone63,3
E2_clone63_10,E2,clone63,E2::clone63,5
E2_clone64_0,E2,clone64,E2::clone64,5
E2_clone64_1,E2,clone64,E2::clone64,5
E2_clone64_2,E2,clone64,E2::clone64,1
E2_clone65_0,E2,clone65,E2::clone65,2
E2_clone65_1,E2,clone65,E2::clone65,2
E2_clone65_2,E2,clone65,E2::clone65,1
E2_clone65_3,E2,clone65,E2::clone65,1
E2_clone66_0,E2,clone66,E2::clone66,1
E2_clone66_1,E2,clone66,E2::clone66,8
E2_clone66_2,E2,clone66,E2::clone66,8
E2_clone66_3,E2,clone66,E2::clone66,2
E2_clone66_4,E2,clone66,E2::clone66,8
E2_clone67_0,E2,clone67,E2::clone67,2
E2_clone67_1,E2,clone67,E2::clone67,2
E2_clone67_2,E2,clone67,E2::clone67,2
E2_clone67_3,E2,clone67,E2::clone67,1
E2_clone68_0,E2,clone68,E2::clone68,6
E2_clone68_1,E2,clone68,E2::clone68,6
E2_clone68_2,E2,clone68,E2::clone68,1
E2_clone68_3,E2,clone68,E2::clone68,8
E2_clone68_4,E2,clone68,E2::clone68,8
E2_clone68_5,E2,clone68,E2::clone68,8
E2_clone68_6,E2,clone68,E2::clone68,8
E2_clone69_0,E2,clone69,E2::clone69,4
E2_clone69_1,E2,clone69,E2::clone69,4
E2_clone69_2,E2,clone69,E2::clone69,5
E2_clone69_3,E2,clone69,E2::clone69,3
E2_clone69_4,E2,clone69,E2::clone69,5
E2_clone69_5,E2,clone69,E2::clone69,5
E2_clone70_0,E2,clone70,E2::clone70,3
E2_clone71_0,E2,clone71,E2::clone71,8
E2_clone71_1,E2,clone71,E2::clone71,8
E2_clone71_2,E2,clone71,E2::clone71,7
E2_clone71_3,E2,clone71,E2::clone71,6
E2_clone72_0,E2,clone72,E2::clone72,1
E2_clone72_1,E2,clone72,E2::clone72,1
E2_clone72_2,E2,clone72,E2::clone72,8
E2_clone72_3,E2,clone72,E2::clone72,1
E2_clone73_0,E2,clone73,E2::clone73,2
E2_clone73_1,E2,clone73,E2::clone73,2
E2_clone73_2,E2,clone73,E2::clone73,2
E2_clone74_0,E2,clone74,E2::clone74,8
E2_clone75_0,E2,clone75,E2::clone75,5
E2_clone75_1,E2,clone75,E2::clone75,4
E2_clone75_2,E2,clone75,E2::clone75,3
E2_clone75_3,E2,clone75,E2::clone75,4
E2_clone75_4,E2,clone75,E2::clone75,3
E2_clone75_5,E2,clone75,E2::clone75,5
E2_clone75_6,E2,clone75,E2::clone75,3
E2_clone76_0,E2,clone76,E2::clone76,2
E2_clone76_1,E2,clone76,E2::clone76,1
E2_clone76_2,E2,clone76,E2::clone76,2
E2_clone76_3,E2,clone76,E2::clone76,2
E2_clone76_4,E2,clone76,E2::clone76,1
E2_clone77_0,E2,clone77,E2::clone77,6
E2_clone77_1,E2,clone77,E2::clone77,6
E2_clone78_0,E2,clone78,E2::clone78,6
E2_clone78_1,E2,clone78,E2::clone78,8
E2_clone78_2,E2,clone78,E2::clone78,6
E2_clone78_3,E2,clone78,E2::clone78,8
E2_clone78_4,E2,clone78,E2::clone78,8
E2_clone79_0,E2,clone79,E2::clone79,5
E2_clone79_1,E2,clone79,E2::clone79,3
E2_clone79_2,E2,clone79,E2::clone79,5
E2_clone79_3,E2,clone79,E2::clone79,5
E2_clone79_4,E2,clone79,E2::clone79,5
E2_clone79_5,E2,clone79,E2::clone79,2
E2_clone79_6,E2,clone79,E2::clone79,4
E2_clone79_7,E2,clone79,E2::clone79,4
E2_clone80_0,E2,clone80,E2::clone80,1
E2_clone80_1,E2,clone80,E2::clone80,2
E2_clone80_2,E2,clone80,E2::clone80,1
E2_clone80_3,E2,clone80,E2::clone80,2
E2_clone80_4,E2,clone80,E2::clone80,2
E2_clone81_0,E2,clone81,E2::clone81,8
E2_clone82_0,E2,clone82,E2::clone82,6
E2_clone82_1,E2,clone82,E2::clone82,4
E2_clone82_2,E2,clone82,E2::clone82,5
E2_clone82_3,E2,clone82,E2::clone82,5
E2_clone82_4,E2,clone82,E2::clone82,5
E2_clone82_5,E2,clone82,E2::clone82,2
E2_clone83_0,E2,clone83,E2::clone83,4
E2_clone83_1,E2,clone83,E2::clone83,5
E2_clone83_2,E2,clone83,E2::clone83,4
E2_clone83_3,E2,clone83,E2::clone83,4
E2_clone83_4,E2,clone83,E2::clone83,8
E2_clone83_5,E2,clone83,E2::clone83,4
E2_clone84_0,E2,clone84,E2::clone84,1
E2_clone84_1,E2,clone84,E2::clone84,0
E2_clone84_2,E2,clone84,E2::clone84,1
E2_clone84_3,E2,clone84,E2::clone84,2
E2_clone84_4,E2,clone84,E2::clone84,2
E2_clone84_5,E2,clone84,E2::clone84,1
E2_clone84_6,E2,clone84,E2::clone84,2
E2_clone85_0,E2,clone85,E2::clone85,2
E2_clone85_1,E2,clone85,E2::clone85,1
E2_clone86_0,E2,clone86,E2::clone86,2
E2_clone86_1,E2,clone86,E2::clone86,1
E2_clone86_2,E2,clone86,E2::clone86,2
E2_clone86_3,E2,clone86,E2::clone86,1
E2_clone86_4,E2,clone86,E2::clone86,2
E2_clone87_0,E2,clone87,E2::clone87,5
E2_clone87_1,E2,clone87,E2::clone87,5
E2_clone87_2,E2,clone87,E2::clone87,11
E2_clone87_3,E2,clone87,E2::clone87,3
E2_clone87_4,E2,clone87,E2::clone87,3
E2_clone87_5,E2,clone87,E2::clone87,3
E2_clone87_6,E2,clone87,E2::clone87,3
E2_clone88_0,E2,clone88,E2::clone88,9
E2_clone88_1,E2,clone88,E2::clone88,8
E2_clone88_2,E2,clone88,E2::clone88,8
E2_clone88_3,E2,clone88,E2::clone88,8
E2_clone88_4,E2,clone88,E2::clone88,8
E2_clone88_5,E2,clone88,E2::clone88,6
E2_clone88_6,E2,clone88,E2::clone88,8
E2_clone88_7,E2,clone88,E2::clone88,8
E2_clone89_0,E2,clone89,E2::clone89,1
E2_clone89_1,E2,clone89,E2::clone89,8
E2_clone89_2,E2,clone89,E2::clone89,8
E2_clone89_3,E2,clone89,E2::clone89,2
E2_clone89_4,E2,clone89,E2::clone89,2
E2_clone89_5,E2,clone89,E2::clone89,1
E2_clone89_6,E2,clone89,E2::clone89,1
E2_clone90_0,E2,clone90,E2::clone90,4
E2_clone90_1,E2,clone90,E2::clone90,5
E2_clone90_2,E2,clone90,E2::clone90,4
E2_clone90_3,E2,clone90,E2::clone90,5
E2_clone90_4,E2,clone90,E2::clone90,3
E2_clone90_5,E2,clone90,E2::clone90,3
E2_clone90_6,E2,clone90,E2::clone90,3
E2_clone90_7,E2,clone90,E2::clone90,3
E2_clone91_0,E2,clone91,E2::clone91,8
E2_clone91_1,E2,clone91,E2::clone91,6
E2_clone91_2,E2,clone91,E2::clone91,8
E2_clone91_3,E2,clone91,E2::clone91,8
E2_clone91_4,E2,clone91,E2::clone91,1
E2_clone91_5,E2,clone91,E2::clone91,7
E2_clone91_6,E2,clone91,E2::clone91,6
E2_clone92_0,E2,clone92,E2::clone92,1
E2_clone92_1,E2,clone92,E2::clone92,1
E2_clone92_2,E2,clone92,E2::clone92,2
E2_clone93_0,E2,clone93,E2::clone93,2
E2_clone93_1,E2,clone93,E2::clone93,1
E2_clone93_2,E2,clone93,E2::clone93,2
E2_clone93_3,E2,clone93,E2::clone93,1
E2_clone93_4,E2,clone93,E2::clone93,1
E2_clone93_5,E2,clone93,E2::clone93,1
E2_clone93_6,E2,clone93,E2::clone93,2
E2_clone93_7,E2,clone93,E2::clone93,2
E2_clone94_0,E2,clone94,E2::clone94,2
E2_clone94_1,E2,clone94,E2::clone94,2
E2_clone95_0,E2,clone95,E2::clone95,1
E2_clone96_0,E2,clone96,E2::clone96,5
E2_clone96_1,E2,clone96,E2::clone96,8
E2_clone96_2,E2,clone96,E2::clone96,4
E2_clone96_3,E2,clone96,E2::clone96,3
E2_clone96_4,E2,clone96,E2::clone96,4
E2_clone96_5,E2,clone96,E2::clone96,3
E2_clone96_6,E2,clone96,E2::clone96,3
E2_clone96_7,E2,clone96,E2::clone96,1
E2_clone96_8,E2,clone96,E2::clone96,3
E2_clone97_0,E2,clone97,E2::clone97,1
E2_clone97_1,E2,clone97,E2::clone97,4
E2_clone97_2,E2,clone97,E2::clone97,5
E2_clone97_3,E2,clone97,E2::clone97,5
E2_clone97_4,E2,clone97,E2::clone97,5
E2_clone97_5,E2,clone97,E2::clone97,5
E2_clone97_6,E2,clone97,E2::clone97,5
E2_clone97_7,E2,clone97,E2::clone97,3
E2_clone98_0,E2,clone98,E2::clone98,3
E2_clone98_1,E2,clone98,E2::clone98,1
E2_clone98_2,E2,clone98,E2::clone98,3
E2_clone98_3,E2,clone98,E2::clone98,4
E2_clone98_4,E2,clone98,E2::clone98,4
E2_clone98_5,E2,clone98,E2::clone98,3
E2_clone98_6,E2,clone98,E2::clone98,5
E2_clone98_7,E2,clone98,E2::clone98,5
E2_clone98_8,E2,clone98,E2::clone98,3
E2_clone98_9,E2,clone98,E2::clone98,6
E2_clone99_0,E2,clone99,E2::clone99,2
E2_clone99_1,E2,clone99,E2::clone99,2
E2_clone99_2,E2,clone99,E2::clone99,0
E2_clone99_3,E2,clone99,E2::clone99,2
E2_clone99_4,E2,clone99,E2::clone99,5
E2_clone99_5,E2,clone99,E2::clone99,2
E2_clone100_0,E2,clone100,E2::clone100,2
E2_clone100_1,E2,clone100,E2::clone100,5
E2_clone100_2,E2,clone100,E2::clone100,5
E2_clone101_0,E2,clone101,E2::clone101,4
E2_clone101_1,E2,clone101,E2::clone101,5
E2_clone101_2,E2,clone101,E2::clone101,3
E2_clone101_3,E2,clone101,E2::clone101,5
E2_clone101_4,E2,clone101,E2::clone101,2
E2_clone101_5,E2,clone101,E2::clone101,5
E2_clone101_6,E2,clone101,E2::clone101,5
E2_clone101_7,E2,clone101,E2::clone101,4
E2_clone101_8,E2,clone101,E2::clone101,4
E2_clone101_9,E2,clone101,E2::clone101,3
E2_clone101_10,E2,clone101,E2::clone101,8
E2_clone102_0,E2,clone102,E2::clone102,1
E2_clone102_1,E2,clone102,E2::clone102,1
E2_clone103_0,E2,clone103,E2::clone103,7
E2_clone103_1,E2,clone103,E2::clone103,5
E2_clone103_2,E2,clone103,E2::clone103,3
E2_clone103_3,E2,clone103,E2::clone103,5
E2_clone103_4,E2,clone103,E2::clone103,4
E2_clone103_5,E2,clone103,E2::clone103,5
E2_clone103_6,E2,clone103,E2::clone103,3
E2_clone103_7,E2,clone103,E2::clone103,5
E2_clone103_8,E2,clone103,E2::clone103,5
E2_clone104_0,E2,clone104,E2::clone104,10
E2_clone104_1,E2,clone104,E2::clone104,3
E2_clone105_0,E2,clone105,E2::clone105,2
E2_clone105_1,E2,clone105,E2::clone105,1
E2_clone105_2,E2,clone105,E2::clone105,1
E2_clone106_0,E2,clone106,E2::clone106,6
E2_clone106_1,E2,clone106,E2::clone106,7
E2_clone106_2,E2,clone106,E2::clone106,8
E2_clone106_3,E2,clone106,E2::clone106,8
E2_clone106_4,E2,clone106,E2::clone106,8
E2_clone107_0,E2,clone107,E2::clone107,8
E2_clone107_1,E2,clone107,E2::clone107,5
E2_clone107_2,E2,clone107,E2::clone107,3
E2_clone107_3,E2,clone107,E2::clone107,5
E2_clone107_4,E2,clone107,E2::clone107,4
E2_clone107_5,E2,clone107,E2::clone107,3
E2_clone108_0,E2,clone108,E2::clone108,1
E2_clone108_1,E2,clone108,E2::clone108,3
E2_clone108_2,E2,clone108,E2::clone108,3
E2_clone109_0,E2,clone109,E2::clone109,4
E2_clone109_1,E2,clone109,E2::clone109,5
E2_clone110_0,E2,clone110,E2::clone110,2
E2_clone110_1,E2,clone110,E2::clone110,1
E2_clone110_2,E2,clone110,E2::clone110,2
E2_clone111_0,E2,clone111,E2::clone111,0
E2_clone111_1,E2,clone111,E2::clone111,1
E2_clone111_2,E2,clone111,E2::clone111,1
E2_clone111_3,E2,clone111,E2::clone111,1
E2_clone112_0,E2,clone112,E2::clone112,2
E2_clone112_1,E2,clone112,E2::clone112,2
E2_clone112_2,E2,clone112,E2::clone112,0
E2_clone112_3,E2,clone112,E2::clone112,2
E2_clone112_4,E2,clone112,E2::clone112,1
E2_clone112_5,E2,clone112,E2::clone112,1
E2_clone112_6,E2,clone112,E2::clone112,1
E2_clone112_7,E2,clone112,E2::clone112,2
E2_clone112_8,E2,clone112,E2::clone112,2
E2_clone113_0,E2,clone113,E2::clone113,2
E2_clone113_1,E2,clone113,E2::clone113,2
E2_clone113_2,E2,clone113,E2::clone113,1
E2_clone113_3,E2,clone113,E2::clone113,2
E2_clone113_4,E2,clone113,E2::clone113,2
E2_clone113_5,E2,clone113,E2::clone113,2
E2_clone113_6,E2,clone113,E2::clone113,8
E2_clone113_7,E2,clone113,E2::clone113,1
E2_clone113_8,E2,clone113,E2::clone113,1
E2_clone114_0,E2,clone114,E2::clone114,1
E2_clone114_1,E2,clone114,E2::clone114,8
E2_clone114_2,E2,clone114,E2::clone114,0
E2_clone114_3,E2,clone114,E2::clone114,1
E2_clone114_4,E2,clone114,E2::clone114,2
E2_clone114_5,E2,clone114,E2::clone114,1
E2_clone114_6,E2,clone114,E2::clone114,1
E2_clone114_7,E2,clone114,E2::clone114,7
E2_clone114_8,E2,clone114,E2::clone114,1
E2_clone114_9,E2,clone114,E2::clone114,1
E2_clone114_10,E2,clone114,E2::clone114,1
E2_clone115_0,E2,clone115,E2::clone115,6
E2_clone115_1,E2,clone115,E2::clone115,8
E2_clone115_2,E2,clone115,E2::clone115,6
E2_clone115_3,E2,clone115,E2::clone115,8
E2_clone115_4,E2,clone115,E2::clone115,8
E2_clone115_5,E2,clone115,E2::clone115,8
E2_clone115_6,E2,clone115,E2::clone115,8
E2_clone116_0,E2,clone116,E2::clone116,5
E2_clone116_1,E2,clone116,E2::clone116,4
E2_clone116_2,E2,clone116,E2::clone116,3
E2_clone116_3,E2,clone116,E2::clone116,5
E2_clone116_4,E2,clone116,E2::clone116,4
E2_clone116_5,E2,clone116,E2::clone116,5
E2_clone116_6,E2,clone116,E2::clone116,8
E2_clone116_7,E2,clone116,E2::clone116,3
E2_clone116_8,E2,clone116,E2::clone116,3
E2_clone116_9,E2,clone116,E2::clone116,1
E2_clone116_10,E2,clone116,E2::clone116,4
E2_clone117_0,E2,clone117,E2::clone117,2
E2_clone117_1,E2,clone117,E2::clone117,1
E2_clone117_2,E2,clone117,E2::clone117,2
E2_clone118_0,E2,clone118,E2::clone118,1
E2_clone118_1,E2,clone118,E2::clone118,2
E2_clone118_2,E2,clone118,E2::clone118,1
E2_clone118_3,E2,clone118,E2::clone118,1
E2_clone118_4,E2,clone118,E2::clone118,2
E2_clone119_0,E2,clone119,E2::clone119,3
E2_clone119_1,E2,clone119,E2::clone119,5
E2_clone119_2,E2,clone119,E2::clone119,3
E2_clone120_0,E2,clone120,E2::clone120,3
E2_clone120_1,E2,clone120,E2::clone120,3
E2_clone120_2,E2,clone120,E2::clone120,5
E2_clone120_3,E2,clone120,E2::clone120,3
E2_clone120_4,E2,clone120,E2::clone120,5
E2_clone120_5,E2,clone120,E2::clone120,6
E2_clone120_6,E2,clone120,E2::clone120,5
E2_clone120_7,E2,clone120,E2::clone120,5
E2_clone120_8,E2,clone120,E2::clone120,5
E2_clone121_0,E2,clone121,E2::clone121,7
E2_clone122_0,E2,clone122,E2::clone122,5
E2_clone122_1,E2,clone122,E2::clone122,3
E2_clone122_2,E2,clone122,E2::clone122,5
E2_clone122_3,E2,clone122,E2::clone122,1
E2_clone122_4,E2,clone122,E2::clone122,6
E2_clone122_5,E2,clone122,E2::clone122,3
E2_clone123_0,E2,clone123,E2::clone123,1
E2_clone123_1,E2,clone123,E2::clone123,1
E2_clone124_0,E2,clone124,E2::clone124,1
E2_clone124_1,E2,clone124,E2::clone124,1
E2_clone124_2,E2,clone124,E2::clone124,1
E2_clone124_3,E2,clone124,E2::clone124,1
E2_clone125_0,E2,clone125,E2::clone125,1
E2_clone125_1,E2,clone125,E2::clone125,1
E2_clone125_2,E2,clone125,E2::clone125,0
E2_clone125_3,E2,clone125,E2::clone125,1
E2_clone126_0,E2,clone126,E2::clone126,8
E2_clone126_1,E2,clone126,E2::clone126,8
E2_clone126_2,E2,clone126,E2::clone126,8
E2_clone126_3,E2,clone126,E2::clone126,7
E2_clone127_0,E2,clone127,E2::clone127,8
E2_clone127_1,E2,clone127,E2::clone127,8
E2_clone127_2,E2,clone127,E2::clone127,8
E2_clone127_3,E2,clone127,E2::clone127,8
E2_clone127_4,E2,clone127,E2::clone127,8
E2_clone127_5,E2,clone127,E2::clone127,8
E2_clone127_6,E2,clone127,E2::clone127,6
E2_clone127_7,E2,clone127,E2::clone127,8
E2_clone127_8,E2,clone127,E2::clone127,6
E2_clone128_0,E2,clone128,E2::clone128,6
E2_clone128_1,E2,clone128,E2::clone128,8
E2_clone128_2,E2,clone128,E2::clone128,2
E2_clone128_3,E2,clone128,E2::clone128,8
E2_clone128_4,E2,clone128,E2::clone128,8
E2_clone128_5,E2,clone128,E2::clone128,8
E2_clone128_6,E2,clone128,E2::clone128,8
E2_clone128_7,E2,clone128,E2::clone128,6
E2_clone128_8,E2,clone128,E2::clone128,6
E2_clone128_9,E2,clone128,E2::clone128,8
E2_clone128_10,E2,clone128,E2::clone128,2
E2_clone129_0,E2,clone129,E2::clone129,3
E2_clone129_1,E2,clone129,E2::clone129,4
E2_clone129_2,E2,clone129,E2::clone129,4
E2_clone129_3,E2,clone129,E2::clone129,5
E2_clone129_4,E2,clone129,E2::clone129,3
E2_clone129_5,E2,clone129,E2::clone129,5
E2_clone129_6,E2,clone129,E2::clone129,4
E2_clone129_7,E2,clone129,E2::clone129,3
E2_clone129_8,E2,clone129,E2::clone129,4
E2_clone129_9,E2,clone129,E2::clone129,4
E2_clone129_10,E2,clone129,E2::clone129,3
E2_clone130_0,E2,clone130,E2::clone130,1
E2_clone130_1,E2,clone130,E2::clone130,2
E2_clone130_2,E2,clone130,E2::clone130,1
E2_clone130_3,E2,clone130,E2::clone130,2
E2_clone130_4,E2,clone130,E2::clone130,1
E2_clone131_0,E2,clone131,E2::clone131,8
E2_clone131_1,E2,clone131,E2::clone131,8
E2_clone131_2,E2,clone131,E2::clone131,8
E2_clone131_3,E2,clone131,E2::clone131,6
E2_clone131_4,E2,clone131,E2::clone131,8
E2_clone131_5,E2,clone131,E2::clone131,6
E2_clone132_0,E2,clone132,E2::clone132,3
E2_clone132_1,E2,clone132,E2::clone132,6
E2_clone132_2,E2,clone132,E2::clone132,3
E2_clone133_0,E2,clone133,E2::clone133,5
E2_clone133_1,E2,clone133,E2::clone133,2
E2_clone133_2,E2,clone133,E2::clone133,5
E2_clone133_3,E2,clone133,E2::clone133,5
E2_clone133_4,E2,clone133,E2::clone133,2
E2_clone133_5,E2,clone133,E2::clone133,4
E2_clone133_6,E2,clone133,E2::clone133,3
E2_clone133_7,E2,clone133,E2::clone133,5
E2_clone133_8,E2,clone133,E2::clone133,3
E2_clone133_9,E2,clone133,E2::clone133,6
E2_clone134_0,E2,clone134,E2::clone134,1
E2_clone134_1,E2,clone134,E2::clone134,2
E2_clone134_2,E2,clone134,E2::clone134,2
E2_clone135_0,E2,clone135,E2::clone135,3
E2_clone135_1,E2,clone135,E2::clone135,3
E2_clone135_2,E2,clone135,E2::clone135,11
E2_clone135_3,E2,clone135,E2::clone135,4
E2_clone135_4,E2,clone135,E2::clone135,5
E2_clone135_5,E2,clone135,E2::clone135,4
E2_clone135_6,E2,clone135,E2::clone135,5
E2_clone135_7,E2,clone135,E2::clone135,2
E2_clone135_8,E2,clone135,E2::clone135,3
E2_clone135_9,E2,clone135,E2::clone135,6
E2_clone136_0,E2,clone136,E2::clone136,1
E2_clone136_1,E2,clone136,E2::clone136,1
E2_clone136_2,E2,clone136,E2::clone136,1
E2_clone136_3,E2,clone136,E2::clone136,1
E2_clone136_4,E2,clone136,E2::clone136,2
E2_clone136_5,E2,clone136,E2::clone136,1
E2_clone136_6,E2,clone136,E2::clone136,2
E2_clone136_7,E2,clone136,E2::clone136,1
E2_clone137_0,E2,clone137,E2::clone137,2
E2_clone137_1,E2,clone137,E2::clone137,1
E2_clone137_2,E2,clone137,E2::clone137,2
E2_clone137_3,E2,clone137,E2::clone137,1
E2_clone137_4,E2,clone137,E2::clone137,2
E2_clone137_5,E2,clone137,E2::clone137,2
E2_clone137_6,E2,clone137,E2::clone137,2
E2_clone137_7,E2,clone137,E2::clone137,1
E2_clone137_8,E2,clone137,E2::clone137,1
E2_clone137_9,E2,clone137,E2::clone137,1
E2_clone137_10,E2,clone137,E2::clone137,2
E2_clone138_0,E2,clone138,E2::clone138,1
E2_clone138_1,E2,clone138,E2::clone138,1
E2_clone138_2,E2,clone138,E2::clone138,1
E2_clone138_3,E2,clone138,E2::clone138,1
E2_clone138_4,E2,clone138,E2::clone138,1
E2_clone138_5,E2,clone138,E2::clone138,2
E2_clone139_0,E2,clone139,E2::clone139,1
E2_clone139_1,E2,clone139,E2::clone139,2
E2_clone139_2,E2,clone139,E2::clone139,2
E2_clone139_3,E2,clone139,E2::clone139,1
E2_clone140_0,E2,clone140,E2::clone140,8
E2_clone140_1,E2,clone140,E2::clone140,8
E2_clone140_2,E2,clone140,E2::clone140,8
E2_clone140_3,E2,clone140,E2::clone140,2
E2_clone141_0,E2,clone141,E2::clone141,5
E2_clone141_1,E2,clone141,E2::clone141,10
E2_clone141_2,E2,clone141,E2::clone141,4
E2_clone141_3,E2,clone141,E2::clone141,2
E2_clone141_4,E2,clone141,E2::clone141,5
E2_clone141_5,E2,clone141,E2::clone141,3
E2_clone141_6,E2,clone141,E2::clone141,5
E2_clone142_0,E2,clone142,E2::clone142,5
E2_clone143_0,E2,clone143,E2::clone143,5
E2_clone143_1,E2,clone143,E2::clone143,5
E2_clone143_2,E2,clone143,E2::clone143,5
E2_clone143_3,E2,clone143,E2::clone143,5
E2_clone143_4,E2,clone143,E2::clone143,1
E2_clone143_5,E2,clone143,E2::clone143,5
E2_clone144_0,E2,clone144,E2::clone144,8
E2_clone144_1,E2,clone144,E2::clone144,8
E2_clone144_2,E2,clone144,E2::clone144,6
E2_clone144_3,E2,clone144,E2::clone144,7
E2_clone144_4,E2,clone144,E2::clone144,8
E2_clone144_5,E2,clone144,E2::clone144,6
E2_clone144_6,E2,clone144,E2::clone144,6
E2_clone144_7,E2,clone144,E2::clone144,8
E2_clone145_0,E2,clone145,E2::clone145,6
E2_clone145_1,E2,clone145,E2::clone145,6
E2_clone145_2,E2,clone145,E2::clone145,8
E2_clone146_0,E2,clone146,E2::clone146,3
E2_clone146_1,E2,clone146,E2::clone146,3
E2_clone147_0,E2,clone147,E2::clone147,2
E2_clone147_1,E2,clone147,E2::clone147,1
E2_clone147_2,E2,clone147,E2::clone147,0
E2_clone147_3,E2,clone147,E2::clone147,2
E2_clone147_4,E2,clone147,E2::clone147,2
E2_clone147_5,E2,clone147,E2::clone147,2
E2_clone147_6,E2,clone147,E2::clone147,1
E2_clone147_7,E2,clone147,E2::clone147,1
E2_clone148_0,E2,clone148,E2::clone148,2
E2_clone148_1,E2,clone148,E2::clone148,1
E2_clone148_2,E2,clone148,E2::clone148,2
E2_clone148_3,E2,clone148,E2::clone148,2
E2_clone148_4,E2,clone148,E2::clone148,10
E2_clone148_5,E2,clone148,E2::clone148,1
E2_clone148_6,E2,clone148,E2::clone148,1
E2_clone148_7,E2,clone148,E2::clone148,1
E2_clone148_8,E2,clone148,E2::clone148,1
E2_clone148_9,E2,clone148,E2::clone148,1
E2_clone149_0,E2,clone149,E2::clone149,2
E2_clone149_1,E2,clone149,E2::clone149,1
E2_clone149_2,E2,clone149,E2::clone149,2
E2_clone149_3,E2,clone149,E2::clone149,1
E2_clone149_4,E2,clone149,E2::clone149,1
E3_clone0_0,E3,clone0,E3::clone0,7
E3_clone0_1,E3,clone0,E3::clone0,7
E3_clone0_2,E3,clone0,E3::clone0,9
E3_clone0_3,E3,clone0,E3::clone0,6
E3_clone0_4,E3,clone0,E3::clone0,8
E3_clone0_5,E3,clone0,E3::clone0,5
E3_clone0_6,E3,clone0,E3::clone0,7
E3_clone0_7,E3,clone0,E3::clone0,8
E3_clone0_8,E3,clone0,E3::clone0,8
E3_clone1_0,E3,clone1,E3::clone1,3
E3_clone1_1,E3,clone1,E3::clone1,4
E3_clone1_2,E3,clone1,E3::clone1,3
E3_clone1_3,E3,clone1,E3::clone1,5
E3_clone1_4,E3,clone1,E3::clone1,4
E3_clone2_0,E3,clone2,E3::clone2,1
E3_clone2_1,E3,clone2,E3::clone2,1
E3_clone2_2,E3,clone2,E3::clone2,1
E3_clone2_3,E3,clone2,E3::clone2,5
E3_clone2_4,E3,clone2,E3::clone2,2
E3_clone3_0,E3,clone3,E3::clone3,2
E3_clone3_1,E3,clone3,E3::clone3,4
E3_clone3_2,E3,clone3,E3::clone3,1
E3_clone3_3,E3,clone3,E3::clone3,1
E3_clone4_0,E3,clone4,E3::clone4,2
E3_clone4_1,E3,clone4,E3::clone4,9
E3_clone4_2,E3,clone4,E3::clone4,0
E3_clone4_3,E3,clone4,E3::clone4,2
E3_clone4_4,E3,clone4,E3::clone4,0
E3_clone4_5,E3,clone4,E3::clone4,2
E3_clone4_6,E3,clone4,E3::clone4,2
E3_clone5_0,E3,clone5,E3::clone5,0
E3_clone6_0,E3,clone6,E3::clone6,6
E3_clone6_1,E3,clone6,E3::clone6,6
E3_clone6_2,E3,clone6,E3::clone6,6
E3_clone6_3,E3,clone6,E3::clone6,7
E3_clone7_0,E3,clone7,E3::clone7,5
E3_clone7_1,E3,clone7,E3::clone7,5
E3_clone7_2,E3,clone7,E3::clone7,5
E3_clone7_3,E3,clone7,E3::clone7,5
E3_clone7_4,E3,clone7,E3::clone7,3
E3_clone7_5,E3,clone7,E3::clone7,5
E3_clone7_6,E3,clone7,E3::clone7,3
E3_clone8_0,E3,clone8,E3::clone8,8
E3_clone8_1,E3,clone8,E3::clone8,9
E3_clone8_2,E3,clone8,E3::clone8,7
E3_clone8_3,E3,clone8,E3::clone8,7
E3_clone8_4,E3,clone8,E3::clone8,7
E3_clone8_5,E3,clone8,E3::clone8,6
E3_clone8_6,E3,clone8,E3::clone8,6
E3_clone8_7,E3,clone8,E3::clone8,7
E3_clone8_8,E3,clone8,E3::clone8,5
E3_clone8_9,E3,clone8,E3::clone8,8
E3_clone9_0,E3,clone9,E3::clone9,1
E3_clone9_1,E3,clone9,E3::clone9,2
E3_clone9_2,E3,clone9,E3::clone9,0
E3_clone9_3,E3,clone9,E3::clone9,6
E3_clone10_0,E3,clone10,E3::clone10,2
E3_clone10_1,E3,clone10,E3::clone10,2
E3_clone10_2,E3,clone10,E3::clone10,2
E3_clone10_3,E3,clone10,E3::clone10,3
E3_clone10_4,E3,clone10,E3::clone10,2
E3_clone10_5,E3,clone10,E3::clone10,2
E3_clone10_6,E3,clone10,E3::clone10,1
E3_clone10_7,E3,clone10,E3::clone10,2
E3_clone10_8,E3,clone10,E3::clone10,9
E3_clone10_9,E3,clone10,E3::clone10,2
E3_clone10_10,E3,clone10,E3::clone10,2
E3_clone11_0,E3,clone11,E3::clone11,5
E3_clone11_1,E3,clone11,E3::clone11,9
E3_clone11_2,E3,clone11,E3::clone11,3
E3_clone11_3,E3,clone11,E3::clone11,3
E3_clone11_4,E3,clone11,E3::clone11,5
E3_clone11_5,E3,clone11,E3::clone11,4
E3_clone11_6,E3,clone11,E3::clone11,5
E3_clone11_7,E3,clone11,E3::clone11,3
E3_clone12_0,E3,clone12,E3::clone12,5
E3_clone12_1,E3,clone12,E3::clone12,5
E3_clone12_2,E3,clone12,E3::clone12,5
E3_clone12_3,E3,clone12,E3::clone12,5
E3_clone12_4,E3,clone12,E3::clone12,5
E3_clone12_5,E3,clone12,E3::clone12,5
E3_clone13_0,E3,clone13,E3::clone13,5
E3_clone13_1,E3,clone13,E3::clone13,3
E3_clone13_2,E3,clone13,E3::clone13,3
E3_clone13_3,E3,clone13,E3::clone13,5
E3_clone13_4,E3,clone13,E3::clone13,5
E3_clone14_0,E3,clone14,E3::clone14,2
E3_clone14_1,E3,clone14,E3::clone14,1
E3_clone14_2,E3,clone14,E3::clone14,2
E3_clone14_3,E3,clone14,E3::clone14,3
E3_clone14_4,E3,clone14,E3::clone14,2
E3_clone14_5,E3,clone14,E3::clone14,2
E3_clone14_6,E3,clone14,E3::clone14,1
E3_clone15_0,E3,clone15,E3::clone15,5
E3_clone15_1,E3,clone15,E3::clone15,5
E3_clone15_2,E3,clone15,E3::clone15,5
E3_clone15_3,E3,clone15,E3::clone15,3
E3_clone15_4,E3,clone15,E3::clone15,3
E3_clone15_5,E3,clone15,E3::clone15,3
E3_clone15_6,E3,clone15,E3::clone15,3
E3_clone15_7,E3,clone15,E3::clone15,3
E3_clone16_0,E3,clone16,E3::clone16,3
E3_clone16_1,E3,clone16,E3::clone16,3
E3_clone16_2,E3,clone16,E3::clone16,3
E3_clone16_3,E3,clone16,E3::clone16,5
E3_clone16_4,E3,clone16,E3::clone16,3
E3_clone16_5,E3,clone16,E3::clone16,5
E3_clone16_6,E3,clone16,E3::clone16,5
E3_clone16_7,E3,clone16,E3::clone16,3
E3_clone16_8,E3,clone16,E3::clone16,5
E3_clone16_9,E3,clone16,E3::clone16,7
E3_clone16_10,E3,clone16,E3::clone16,4
E3_clone17_0,E3,clone17,E3::clone17,7
E3_clone17_1,E3,clone17,E3::clone17,5
E3_clone17_2,E3,clone17,E3::clone17,2
E3_clone17_3,E3,clone17,E3::clone17,2
E3_clone17_4,E3,clone17,E3::clone17,1
E3_clone17_5,E3,clone17,E3::clone17,3
E3_clone17_6,E3,clone17,E3::clone17,2
E3_clone17_7,E3,clone17,E3::clone17,0
E3_clone17_8,E3,clone17,E3::clone17,2
E3_clone17_9,E3,clone17,E3::clone17,8
E3_clone17_10,E3,clone17,E3::clone17,3
E3_clone18_0,E3,clone18,E3::clone18,8
E3_clone18_1,E3,clone18,E3::clone18,8
E3_clone18_2,E3,clone18,E3::clone18,2
E3_clone18_3,E3,clone18,E3::clone18,2
E3_clone18_4,E3,clone18,E3::clone18,2
E3_clone18_5,E3,clone18,E3::clone18,1
E3_clone18_6,E3,clone18,E3::clone18,1
E3_clone18_7,E3,clone18,E3::clone18,0
E3_clone19_0,E3,clone19,E3::clone19,3
E3_clone19_1,E3,clone19,E3::clone19,1
E3_clone19_2,E3,clone19,E3::clone19,1
E3_clone19_3,E3,clone19,E3::clone19,2
E3_clone20_0,E3,clone20,E3::clone20,2
E3_clone20_1,E3,clone20,E3::clone20,1
E3_clone20_2,E3,clone20,E3::clone20,2
E3_clone20_3,E3,clone20,E3::clone20,7
E3_clone20_4,E3,clone20,E3::clone20,1
E3_clone20_5,E3,clone20,E3::clone20,7
E3_clone20_6,E3,clone20,E3::clone20,6
E3_clone20_7,E3,clone20,E3::clone20,3
E3_clone20_8,E3,clone20,E3::clone20,2
E3_clone20_9,E3,clone20,E3::clone20,2
E3_clone20_10,E3,clone20,E3::clone20,2
E3_clone21_0,E3,clone21,E3::clone21,3
E3_clone21_1,E3,clone21,E3::clone21,6
E3_clone21_2,E3,clone21,E3::clone21,5
E3_clone22_0,E3,clone22,E3::clone22,0
E3_clone22_1,E3,clone22,E3::clone22,2
E3_clone23_0,E3,clone23,E3::clone23,4
E3_clone23_1,E3,clone23,E3::clone23,3
E3_clone23_2,E3,clone23,E3::clone23,3
E3_clone23_3,E3,clone23,E3::clone23,5
E3_clone23_4,E3,clone23,E3::clone23,3
E3_clone23_5,E3,clone23,E3::clone23,8
E3_clone23_6,E3,clone23,E3::clone23,3
E3_clone23_7,E3,clone23,E3::clone23,3
E3_clone23_8,E3,clone23,E3::clone23,3
E3_clone24_0,E3,clone24,E3::clone24,5
E3_clone24_1,E3,clone24,E3::clone24,5
E3_clone24_2,E3,clone24,E3::clone24,3
E3_clone24_3,E3,clone24,E3::clone24,5
E3_clone24_4,E3,clone24,E3::clone24,3
E3_clone24_5,E3,clone24,E3::clone24,3
E3_clone24_6,E3,clone24,E3::clone24,4
E3_clone25_0,E3,clone25,E3::clone25,2
E3_clone25_1,E3,clone25,E3::clone25,2
E3_clone25_2,E3,clone25,E3::clone25,2
E3_clone25_3,E3,clone25,E3::clone25,2
E3_clone25_4,E3,clone25,E3::clone25,2
E3_clone25_5,E3,clone25,E3::clone25,1
E3_clone26_0,E3,clone26,E3::clone26,2
E3_clone26_1,E3,clone26,E3::clone26,9
E3_clone26_2,E3,clone26,E3::clone26,0
E3_clone26_3,E3,clone26,E3::clone26,2
E3_clone26_4,E3,clone26,E3::clone26,2
E3_clone26_5,E3,clone26,E3::clone26,3
E3_clone27_0,E3,clone27,E3::clone27,5
E3_clone28_0,E3,clone28,E3::clone28,6
E3_clone28_1,E3,clone28,E3::clone28,8
E3_clone28_2,E3,clone28,E3::clone28,3
E3_clone29_0,E3,clone29,E3::clone29,6
E3_clone29_1,E3,clone29,E3::clone29,6
E3_clone29_2,E3,clone29,E3::clone29,1
E3_clone29_3,E3,clone29,E3::clone29,7
E3_clone29_4,E3,clone29,E3::clone29,7
E3_clone29_5,E3,clone29,E3::clone29,6
E3_clone29_6,E3,clone29,E3::clone29,7
E3_clone29_7,E3,clone29,E3::clone29,7
E3_clone30_0,E3,clone30,E3::clone30,8
E3_clone30_1,E3,clone30,E3::clone30,6
E3_clone30_2,E3,clone30,E3::clone30,7
E3_clone30_3,E3,clone30,E3::clone30,8
E3_clone30_4,E3,clone30,E3::clone30,6
E3_clone30_5,E3,clone30,E3::clone30,7
E3_clone30_6,E3,clone30,E3::clone30,8
E3_clone30_7,E3,clone30,E3::clone30,8
E3_clone30_8,E3,clone30,E3::clone30,7
E3_clone30_9,E3,clone30,E3::clone30,8
E3_clone31_0,E3,clone31,E3::clone31,5
E3_clone31_1,E3,clone31,E3::clone31,3
E3_clone31_2,E3,clone31,E3::clone31,3
E3_clone31_3,E3,clone31,E3::clone31,5
E3_clone31_4,E3,clone31,E3::clone31,3
E3_clone31_5,E3,clone31,E3::clone31,5
E3_clone31_6,E3,clone31,E3::clone31,3
E3_clone31_7,E3,clone31,E3::clone31,5
E3_clone31_8,E3,clone31,E3::clone31,5
E3_clone32_0,E3,clone32,E3::clone32,6
E3_clone32_1,E3,clone32,E3::clone32,7
E3_clone32_2,E3,clone32,E3::clone32,6
E3_clone32_3,E3,clone32,E3::clone32,8
E3_clone32_4,E3,clone32,E3::clone32,8
E3_clone32_5,E3,clone32,E3::clone32,8
E3_clone33_0,E3,clone33,E3::clone33,8
E3_clone33_1,E3,clone33,E3::clone33,6
E3_clone33_2,E3,clone33,E3::clone33,8
E3_clone33_3,E3,clone33,E3::clone33,7
E3_clone33_4,E3,clone33,E3::clone33,7
E3_clone33_5,E3,clone33,E3::clone33,7
E3_clone34_0,E3,clone34,E3::clone34,1
E3_clone34_1,E3,clone34,E3::clone34,0
E3_clone34_2,E3,clone34,E3::clone34,2
E3_clone34_3,E3,clone34,E3::clone34,5
E3_clone35_0,E3,clone35,E3::clone35,5
E3_clone35_1,E3,clone35,E3::clone35,4
E3_clone35_2,E3,clone35,E3::clone35,4
E3_clone35_3,E3,clone35,E3::clone35,3
E3_clone36_0,E3,clone36,E3::clone36,2
E3_clone36_1,E3,clone36,E3::clone36,2
E3_clone36_2,E3,clone36,E3::clone36,2
E3_clone37_0,E3,clone37,E3::clone37,7
E3_clone37_1,E3,clone37,E3::clone37,8
E3_clone37_2,E3,clone37,E3::clone37,8
E3_clone37_3,E3,clone37,E3::clone37,8
E3_clone37_4,E3,clone37,E3::clone37,8
E3_clone37_5,E3,clone37,E3::clone37,8
E3_clone37_6,E3,clone37,E3::clone37,9
E3_clone37_7,E3,clone37,E3::clone37,7
E3_clone37_8,E3,clone37,E3::clone37,8
E3_clone37_9,E3,clone37,E3::clone37,8
E3_clone38_0,E3,clone38,E3::clone38,7
E3_clone39_0,E3,clone39,E3::clone39,3
E3_clone39_1,E3,clone39,E3::clone39,3
E3_clone39_2,E3,clone39,E3::clone39,5
E3_clone39_3,E3,clone39,E3::clone39,3
E3_clone39_4,E3,clone39,E3::clone39,3
E3_clone40_0,E3,clone40,E3::clone40,5
E3_clone40_1,E3,clone40,E3::clone40,5
E3_clone40_2,E3,clone40,E3::clone40,3
E3_clone40_3,E3,clone40,E3::clone40,5
E3_clone40_4,E3,clone40,E3::clone40,4
E3_clone40_5,E3,clone40,E3::clone40,5
E3_clone40_6,E3,clone40,E3::clone40,4
E3_clone41_0,E3,clone41,E3::clone41,2
E3_clone41_1,E3,clone41,E3::clone41,2
E3_clone41_2,E3,clone41,E3::clone41,2
E3_clone42_0,E3,clone42,E3::clone42,8
E3_clone42_1,E3,clone42,E3::clone42,7
E3_clone43_0,E3,clone43,E3::clone43,8
E3_clone43_1,E3,clone43,E3::clone43,6
E3_clone43_2,E3,clone43,E3::clone43,7
E3_clone43_3,E3,clone43,E3::clone43,7
E3_clone43_4,E3,clone43,E3::clone43,8
E3_clone43_5,E3,clone43,E3::clone43,6
E3_clone44_0,E3,clone44,E3::clone44,2
E3_clone44_1,E3,clone44,E3::clone44,8
E3_clone44_2,E3,clone44,E3::clone44,1
E3_clone44_3,E3,clone44,E3::clone44,5
E3_clone44_4,E3,clone44,E3::clone44,9
E3_clone44_5,E3,clone44,E3::clone44,5
E3_clone44_6,E3,clone44,E3::clone44,1
E3_clone44_7,E3,clone44,E3::clone44,3
E3_clone44_8,E3,clone44,E3::clone44,0
E3_clone45_0,E3,clone45,E3::clone45,5
E3_clone45_1,E3,clone45,E3::clone45,2
E3_clone45_2,E3,clone45,E3::clone45,2
E3_clone45_3,E3,clone45,E3::clone45,1
E3_clone45_4,E3,clone45,E3::clone45,2
E3_clone45_5,E3,clone45,E3::clone45,2
E3_clone45_6,E3,clone45,E3::clone45,2
E3_clone45_7,E3,clone45,E3::clone45,5
E3_clone46_0,E3,clone46,E3::clone46,2
E3_clone46_1,E3,clone46,E3::clone46,9
E3_clone46_2,E3,clone46,E3::clone46,1
E3_clone46_3,E3,clone46,E3::clone46,1
E3_clone47_0,E3,clone47,E3::clone47,5
E3_clone47_1,E3,clone47,E3::clone47,1
E3_clone47_2,E3,clone47,E3::clone47,2
E3_clone48_0,E3,clone48,E3::clone48,2
E3_clone48_1,E3,clone48,E3::clone48,2
E3_clone48_2,E3,clone48,E3::clone48,2
E3_clone48_3,E3,clone48,E3::clone48,1
E3_clone48_4,E3,clone48,E3::clone48,1
E3_clone48_5,E3,clone48,E3::clone48,1
E3_clone49_0,E3,clone49,E3::clone49,5
E3_clone49_1,E3,clone49,E3::clone49,3
E3_clone49_2,E3,clone49,E3::clone49,3
E3_clone49_3,E3,clone49,E3::clone49,5
E3_clone49_4,E3,clone49,E3::clone49,1
E3_clone49_5,E3,clone49,E3::clone49,3
E3_clone49_6,E3,clone49,E3::clone49,5
E3_clone49_7,E3,clone49,E3::clone49,3
E3_clone49_8,E3,clone49,E3::clone49,3
E3_clone49_9,E3,clone49,E3::clone49,4
E3_clone49_10,E3,clone49,E3::clone49,3
E3_clone50_0,E3,clone50,E3::clone50,5
E3_clone51_0,E3,clone51,E3::clone51,3
E3_clone51_1,E3,clone51,E3::clone51,1
E3_clone51_2,E3,clone51,E3::clone51,2
E3_clone51_3,E3,clone51,E3::clone51,1
E3_clone51_4,E3,clone51,E3::clone51,2
E3_clone51_5,E3,clone51,E3::clone51,1
E3_clone52_0,E3,clone52,E3::clone52,3
E3_clone52_1,E3,clone52,E3::clone52,3
E3_clone52_2,E3,clone52,E3::clone52,5
E3_clone52_3,E3,clone52,E3::clone52,5
E3_clone52_4,E3,clone52,E3::clone52,3
E3_clone52_5,E3,clone52,E3::clone52,5
E3_clone52_6,E3,clone52,E3::clone52,5
E3_clone52_7,E3,clone52,E3::clone52,5
E3_clone52_8,E3,clone52,E3::clone52,5
E3_clone53_0,E3,clone53,E3::clone53,5
E3_clone53_1,E3,clone53,E3::clone53,5
E3_clone53_2,E3,clone53,E3::clone53,5
E3_clone54_0,E3,clone54,E3::clone54,0
E3_clone54_1,E3,clone54,E3::clone54,8
E3_clone54_2,E3,clone54,E3::clone54,1
E3_clone54_3,E3,clone54,E3::clone54,2
E3_clone54_4,E3,clone54,E3::clone54,3
E3_clone54_5,E3,clone54,E3::clone54,9
E3_clone54_6,E3,clone54,E3::clone54,1
E3_clone55_0,E3,clone55,E3::clone55,8
E3_clone55_1,E3,clone55,E3::clone55,5
E3_clone56_0,E3,clone56,E3::clone56,2
E3_clone56_1,E3,clone56,E3::clone56,2
E3_clone56_2,E3,clone56,E3::clone56,1
E3_clone57_0,E3,clone57,E3::clone57,1
E3_clone57_1,E3,clone57,E3::clone57,0
E3_clone57_2,E3,clone57,E3::clone57,2
E3_clone57_3,E3,clone57,E3::clone57,1
E3_clone57_4,E3,clone57,E3::clone57,1
E3_clone57_5,E3,clone57,E3::clone57,2
E3_clone57_6,E3,clone57,E3::clone57,2
E3_clone57_7,E3,clone57,E3::clone57,2
E3_clone57_8,E3,clone57,E3::clone57,8
E3_clone58_0,E3,clone58,E3::clone58,6
E3_clone58_1,E3,clone58,E3::clone58,8
E3_clone58_2,E3,clone58,E3::clone58,9
E3_clone58_3,E3,clone58,E3::clone58,8
E3_clone58_4,E3,clone58,E3::clone58,7
E3_clone59_0,E3,clone59,E3::clone59,3
E3_clone59_1,E3,clone59,E3::clone59,5
E3_clone59_2,E3,clone59,E3::clone59,5
E3_clone59_3,E3,clone59,E3::clone59,10
E3_clone59_4,E3,clone59,E3::clone59,4
E3_clone60_0,E3,clone60,E3::clone60,3
E3_clone60_1,E3,clone60,E3::clone60,3
E3_clone60_2,E3,clone60,E3::clone60,3
E3_clone60_3,E3,clone60,E3::clone60,5
E3_clone60_4,E3,clone60,E3::clone60,3
E3_clone60_5,E3,clone60,E3::clone60,3
E3_clone60_6,E3,clone60,E3::clone60,3
E3_clone61_0,E3,clone61,E3::clone61,8
E3_clone62_0,E3,clone62,E3::clone62,2
E3_clone62_1,E3,clone62,E3::clone62,1
E3_clone62_2,E3,clone62,E3::clone62,2
E3_clone62_3,E3,clone62,E3::clone62,1
E3_clone62_4,E3,clone62,E3::clone62,7
E3_clone63_0,E3,clone63,E3::clone63,2
E3_clone64_0,E3,clone64,E3::clone64,9
E3_clone64_1,E3,clone64,E3::clone64,8
E3_clone64_2,E3,clone64,E3::clone64,7
E3_clone64_3,E3,clone64,E3::clone64,6
E3_clone64_4,E3,clone64,E3::clone64,8
E3_clone64_5,E3,clone64,E3::clone64,8
E3_clone64_6,E3,clone64,E3::clone64,6
E3_clone65_0,E3,clone65,E3::clone65,4
E3_clone66_0,E3,clone66,E3::clone66,5
E3_clone66_1,E3,clone66,E3::clone66,5
E3_clone66_2,E3,clone66,E3::clone66,3
E3_clone67_0,E3,clone67,E3::clone67,0
E3_clone67_1,E3,clone67,E3::clone67,2
E3_clone67_2,E3,clone67,E3::clone67,1
E3_clone67_3,E3,clone67,E3::clone67,1
E3_clone67_4,E3,clone67,E3::clone67,1
E3_clone67_5,E3,clone67,E3::clone67,1
E3_clone67_6,E3,clone67,E3::clone67,2
E3_clone67_7,E3,clone67,E3::clone67,1
E3_clone67_8,E3,clone67,E3::clone67,0
E3_clone67_9,E3,clone67,E3::clone67,2
E3_clone68_0,E3,clone68,E3::clone68,1
E3_clone68_1,E3,clone68,E3::clone68,3
E3_clone68_2,E3,clone68,E3::clone68,1
E3_clone68_3,E3,clone68,E3::clone68,2
E3_clone68_4,E3,clone68,E3::clone68,8
E3_clone68_5,E3,clone68,E3::clone68,2
E3_clone68_6,E3,clone68,E3::clone68,1
E3_clone68_7,E3,clone68,E3::clone68,2
E3_clone69_0,E3,clone69,E3::clone69,4
E3_clone69_1,E3,clone69,E3::clone69,5
E3_clone69_2,E3,clone69,E3::clone69,3
E3_clone69_3,E3,clone69,E3::clone69,3
E3_clone69_4,E3,clone69,E3::clone69,4
E3_clone70_0,E3,clone70,E3::clone70,5
E3_clone70_1,E3,clone70,E3::clone70,5
E3_clone70_2,E3,clone70,E3::clone70,3
E3_clone70_3,E3,clone70,E3::clone70,5
E3_clone70_4,E3,clone70,E3::clone70,4
E3_clone70_5,E3,clone70,E3::clone70,3
E3_clone70_6,E3,clone70,E3::clone70,3
E3_clone70_7,E3,clone70,E3::clone70,3
E3_clone70_8,E3,clone70,E3::clone70,3
E3_clone70_9,E3,clone70,E3::clone70,3
E3_clone71_0,E3,clone71,E3::clone71,5
E3_clone71_1,E3,clone71,E3::clone71,0
E3_clone72_0,E3,clone72,E3::clone72,2
E3_clone72_1,E3,clone72,E3::clone72,1
E3_clone73_0,E3,clone73,E3::clone73,3
E3_clone73_1,E3,clone73,E3::clone73,3
E3_clone74_0,E3,clone74,E3::clone74,1
E3_clone74_1,E3,clone74,E3::clone74,1
E3_clone74_2,E3,clone74,E3::clone74,9
E3_clone74_3,E3,clone74,E3::clone74,2
E3_clone74_4,E3,clone74,E3::clone74,2
E3_clone74_5,E3,clone74,E3::clone74,9
E3_clone75_0,E3,clone75,E3::clone75,9
E3_clone75_1,E3,clone75,E3::clone75,1
E3_clone75_2,E3,clone75,E3::clone75,2
E3_clone75_3,E3,clone75,E3::clone75,1
E3_clone75_4,E3,clone75,E3::clone75,1
E3_clone75_5,E3,clone75,E3::clone75,7
E3_clone75_6,E3,clone75,E3::clone75,1
E3_clone75_7,E3,clone75,E3::clone75,11
E3_clone75_8,E3,clone75,E3::clone75,1
E3_clone75_9,E3,clone75,E3::clone75,2
E3_clone75_10,E3,clone75,E3::clone75,9
E3_clone76_0,E3,clone76,E3::clone76,7
E3_clone76_1,E3,clone76,E3::clone76,8
E3_clone76_2,E3,clone76,E3::clone76,6
E3_clone76_3,E3,clone76,E3::clone76,7
E3_clone76_4,E3,clone76,E3::clone76,8
E3_clone76_5,E3,clone76,E3::clone76,7
E3_clone76_6,E3,clone76,E3::clone76,6
E3_clone77_0,E3,clone77,E3::clone77,4
E3_clone78_0,E3,clone78,E3::clone78,11
E3_clone78_1,E3,clone78,E3::clone78,1
E3_clone78_2,E3,clone78,E3::clone78,3
E3_clone78_3,E3,clone78,E3::clone78,5
E3_clone78_4,E3,clone78,E3::clone78,3
E3_clone78_5,E3,clone78,E3::clone78,5
E3_clone78_6,E3,clone78,E3::clone78,5
E3_clone78_7,E3,clone78,E3::clone78,5
E3_clone78_8,E3,clone78,E3::clone78,3
E3_clone78_9,E3,clone78,E3::clone78,5
E3_clone79_0,E3,clone79,E3::clone79,3
E3_clone80_0,E3,clone80,E3::clone80,8
E3_clone80_1,E3,clone80,E3::clone80,7
E3_clone80_2,E3,clone80,E3::clone80,7
E3_clone80_3,E3,clone80,E3::clone80,6
E3_clone80_4,E3,clone80,E3::clone80,6
E3_clone80_5,E3,clone80,E3::clone80,2
E3_clone80_6,E3,clone80,E3::clone80,9
E3_clone80_7,E3,clone80,E3::clone80,6
E3_clone80_8,E3,clone80,E3::clone80,8
E3_clone80_9,E3,clone80,E3::clone80,6
E3_clone80_10,E3,clone80,E3::clone80,7
E3_clone81_0,E3,clone81,E3::clone81,3
E3_clone81_1,E3,clone81,E3::clone81,5
E3_clone81_2,E3,clone81,E3::clone81,6
E3_clone81_3,E3,clone81,E3::clone81,5
E3_clone81_4,E3,clone81,E3::clone81,3
E3_clone81_5,E3,clone81,E3::clone81,5
E3_clone81_6,E3,clone81,E3::clone81,3
E3_clone82_0,E3,clone82,E3::clone82,3
E3_clone82_1,E3,clone82,E3::clone82,3
E3_clone82_2,E3,clone82,E3::clone82,2
E3_clone82_3,E3,clone82,E3::clone82,3
E3_clone82_4,E3,clone82,E3::clone82,5
E3_clone82_5,E3,clone82,E3::clone82,5
E3_clone83_0,E3,clone83,E3::clone83,6
E3_clone83_1,E3,clone83,E3::clone83,7
E3_clone83_2,E3,clone83,E3::clone83,6
E3_clone83_3,E3,clone83,E3::clone83,7
E3_clone83_4,E3,clone83,E3::clone83,7
E3_clone83_5,E3,clone83,E3::clone83,7
E3_clone83_6,E3,clone83,E3::clone83,7
E3_clone83_7,E3,clone83,E3::clone83,6
E3_clone83_8,E3,clone83,E3::clone83,7
E3_clone83_9,E3,clone83,E3::clone83,8
E3_clone83_10,E3,clone83,E3::clone83,6
E3_clone84_0,E3,clone84,E3::clone84,5
E3_clone84_1,E3,clone84,E3::clone84,5
E3_clone84_2,E3,clone84,E3::clone84,5
E3_clone85_0,E3,clone85,E3::clone85,5
E3_clone85_1,E3,clone85,E3::clone85,5
E3_clone85_2,E3,clone85,E3::clone85,3
E3_clone85_3,E3,clone85,E3::clone85,3
E3_clone85_4,E3,clone85,E3::clone85,5
E3_clone85_5,E3,clone85,E3::clone85,3
E3_clone85_6,E3,clone85,E3::clone85,3
E3_clone85_7,E3,clone85,E3::clone85,3
E3_clone85_8,E3,clone85,E3::clone85,5
E3_clone85_9,E3,clone85,E3::clone85,3
E3_clone85_10,E3,clone85,E3::clone85,5
E3_clone86_0,E3,clone86,E3::clone86,7
E3_clone86_1,E3,clone86,E3::clone86,7
E3_clone86_2,E3,clone86,E3::clone86,7
E3_clone86_3,E3,clone86,E3::clone86,7
E3_clone86_4,E3,clone86,E3::clone86,8
E3_clone86_5,E3,clone86,E3::clone86,6
E3_clone86_6,E3,clone86,E3::clone86,9
E3_clone87_0,E3,clone87,E3::clone87,3
E3_clone87_1,E3,clone87,E3::clone87,2
E3_clone87_2,E3,clone87,E3::clone87,1
E3_clone87_3,E3,clone87,E3::clone87,2
E3_clone87_4,E3,clone87,E3::clone87,0
E3_clone87_5,E3,clone87,E3::clone87,2
E3_clone87_6,E3,clone87,E3::clone87,2
E3_clone87_7,E3,clone87,E3::clone87,1
E3_clone87_8,E3,clone87,E3::clone87,0
E3_clone88_0,E3,clone88,E3::clone88,5
E3_clone88_1,E3,clone88,E3::clone88,2
E3_clone88_2,E3,clone88,E3::clone88,2
E3_clone88_3,E3,clone88,E3::clone88,1
E3_clone88_4,E3,clone88,E3::clone88,2
E3_clone88_5,E3,clone88,E3::clone88,8
E3_clone88_6,E3,clone88,E3::clone88,0
E3_clone88_7,E3,clone88,E3::clone88,1
E3_clone88_8,E3,clone88,E3::clone88,1
E3_clone89_0,E3,clone89,E3::clone89,2
E3_clone89_1,E3,clone89,E3::clone89,2
E3_clone89_2,E3,clone89,E3::clone89,2
E3_clone89_3,E3,clone89,E3::clone89,1
E3_clone89_4,E3,clone89,E3::clone89,1
E3_clone89_5,E3,clone89,E3::clone89,1
E3_clone89_6,E3,clone89,E3::clone89,5
E3_clone89_7,E3,clone89,E3::clone89,2
E3_clone89_8,E3,clone89,E3::clone89,1
E3_clone90_0,E3,clone90,E3::clone90,1
E3_clone90_1,E3,clone90,E3::clone90,1
E3_clone90_2,E3,clone90,E3::clone90,9
E3_clone90_3,E3,clone90,E3::clone90,2
E3_clone90_4,E3,clone90,E3::clone90,2
E3_clone90_5,E3,clone90,E3::clone90,0
E3_clone91_0,E3,clone91,E3::clone91,2
E3_clone91_1,E3,clone91,E3::clone91,1
E3_clone91_2,E3,clone91,E3::clone91,7
E3_clone91_3,E3,clone91,E3::clone91,2
E3_clone91_4,E3,clone91,E3::clone91,1
E3_clone91_5,E3,clone91,E3::clone91,2
E3_clone91_6,E3,clone91,E3::clone91,9
E3_clone91_7,E3,clone91,E3::clone91,2
E3_clone91_8,E3,clone91,E3::clone91,2
E3_clone92_0,E3,clone92,E3::clone92,5
E3_clone92_1,E3,clone92,E3::clone92,0
E3_clone92_2,E3,clone92,E3::clone92,2
E3_clone92_3,E3,clone92,E3::clone92,2
E3_clone92_4,E3,clone92,E3::clone92,2
E3_clone92_5,E3,clone92,E3::clone92,2
E3_clone92_6,E3,clone92,E3::clone92,2
E3_clone92_7,E3,clone92,E3::clone92,1
E3_clone93_0,E3,clone93,E3::clone93,1
E3_clone93_1,E3,clone93,E3::clone93,2
E3_clone93_2,E3,clone93,E3::clone93,1
E3_clone93_3,E3,clone93,E3::clone93,1
E3_clone93_4,E3,clone93,E3::clone93,5
E3_clone93_5,E3,clone93,E3::clone93,1
E3_clone93_6,E3,clone93,E3::clone93,1
E3_clone93_7,E3,clone93,E3::clone93,1
E3_clone93_8,E3,clone93,E3::clone93,1
E3_clone93_9,E3,clone93,E3::clone93,2
E3_clone93_10,E3,clone93,E3::clone93,1
E3_clone94_0,E3,clone94,E3::clone94,8
E3_clone94_1,E3,clone94,E3::clone94,8
E3_clone94_2,E3,clone94,E3::clone94,8
E3_clone94_3,E3,clone94,E3::clone94,8
E3_clone95_0,E3,clone95,E3::clone95,2
E3_clone96_0,E3,clone96,E3::clone96,1
E3_clone97_0,E3,clone97,E3::clone97,2
E3_clone97_1,E3,clone97,E3::clone97,2
E3_clone97_2,E3,clone97,E3::clone97,2
E3_clone97_3,E3,clone97,E3::clone97,1
E3_clone97_4,E3,clone97,E3::clone97,1
E3_clone97_5,E3,clone97,E3::clone97,1
E3_clone97_6,E3,clone97,E3::clone97,2
E3_clone98_0,E3,clone98,E3::clone98,8
E3_clone98_1,E3,clone98,E3::clone98,8
E3_clone98_2,E3,clone98,E3::clone98,8
E3_clone98_3,E3,clone98,E3::clone98,7
E3_clone98_4,E3,clone98,E3::clone98,5
E3_clone98_5,E3,clone98,E3::clone98,6
E3_clone98_6,E3,clone98,E3::clone98,7
E3_clone98_7,E3,clone98,E3::clone98,6
E3_clone98_8,E3,clone98,E3::clone98,6
E3_clone99_0,E3,clone99,E3::clone99,6
E3_clone99_1,E3,clone99,E3::clone99,8
E3_clone99_2,E3,clone99,E3::clone99,8
E3_clone99_3,E3,clone99,E3::clone99,8
E3_clone99_4,E3,clone99,E3::clone99,8
E3_clone99_5,E3,clone99,E3::clone99,7
E3_clone99_6,E3,clone99,E3::clone99,8
E3_clone99_7,E3,clone99,E3::clone99,6
E3_clone99_8,E3,clone99,E3::clone99,8
E3_clone99_9,E3,clone99,E3::clone99,7
E3_clone99_10,E3,clone99,E3::clone99,6
E3_clone100_0,E3,clone100,E3::clone100,4
E3_clone100_1,E3,clone100,E3::clone100,5
E3_clone100_2,E3,clone100,E3::clone100,3
E3_clone100_3,E3,clone100,E3::clone100,5
E3_clone100_4,E3,clone100,E3::clone100,3
E3_clone101_0,E3,clone101,E3::clone101,1
E3_clone101_1,E3,clone101,E3::clone101,1
E3_clone101_2,E3,clone101,E3::clone101,1
E3_clone101_3,E3,clone101,E3::clone101,1
E3_clone101_4,E3,clone101,E3::clone101,1
E3_clone101_5,E3,clone101,E3::clone101,1
E3_clone101_6,E3,clone101,E3::clone101,2
E3_clone101_7,E3,clone101,E3::clone101,1
E3_clone102_0,E3,clone102,E3::clone102,7
E3_clone102_1,E3,clone102,E3::clone102,8
E3_clone102_2,E3,clone102,E3::clone102,6
E3_clone102_3,E3,clone102,E3::clone102,4
E3_clone102_4,E3,clone102,E3::clone102,8
E3_clone102_5,E3,clone102,E3::clone102,8
E3_clone102_6,E3,clone102,E3::clone102,8
E3_clone103_0,E3,clone103,E3::clone103,2
E3_clone103_1,E3,clone103,E3::clone103,1
E3_clone103_2,E3,clone103,E3::clone103,1
E3_clone103_3,E3,clone103,E3::clone103,1
E3_clone103_4,E3,clone103,E3::clone103,10
E3_clone103_5,E3,clone103,E3::clone103,0
E3_clone103_6,E3,clone103,E3::clone103,3
E3_clone103_7,E3,clone103,E3::clone103,2
E3_clone104_0,E3,clone104,E3::clone104,5
E3_clone105_0,E3,clone105,E3::clone105,0
E3_clone105_1,E3,clone105,E3::clone105,2
E3_clone105_2,E3,clone105,E3::clone105,1
E3_clone105_3,E3,clone105,E3::clone105,1
E3_clone105_4,E3,clone105,E3::clone105,1
E3_clone105_5,E3,clone105,E3::clone105,1
E3_clone105_6,E3,clone105,E3::clone105,0
E3_clone105_7,E3,clone105,E3::clone105,0
E3_clone105_8,E3,clone105,E3::clone105,7
E3_clone106_0,E3,clone106,E3::clone106,8
E3_clone106_1,E3,clone106,E3::clone106,6
E3_clone106_2,E3,clone106,E3::clone106,8
E3_clone106_3,E3,clone106,E3::clone106,7
E3_clone106_4,E3,clone106,E3::clone106,8
E3_clone106_5,E3,clone106,E3::clone106,6
E3_clone107_0,E3,clone107,E3::clone107,0
E3_clone107_1,E3,clone107,E3::clone107,2
E3_clone107_2,E3,clone107,E3::clone107,9
E3_clone107_3,E3,clone107,E3::clone107,2
E3_clone108_0,E3,clone108,E3::clone108,8
E3_clone108_1,E3,clone108,E3::clone108,4
E3_clone109_0,E3,clone109,E3::clone109,7
E3_clone109_1,E3,clone109,E3::clone109,1
E3_clone109_2,E3,clone109,E3::clone109,7
E3_clone109_3,E3,clone109,E3::clone109,8
E3_clone109_4,E3,clone109,E3::clone109,6
E3_clone109_5,E3,clone109,E3::clone109,7
E3_clone109_6,E3,clone109,E3::clone109,6
E3_clone109_7,E3,clone109,E3::clone109,5
E3_clone110_0,E3,clone110,E3::clone110,5
E3_clone110_1,E3,clone110,E3::clone110,3
E3_clone110_2,E3,clone110,E3::clone110,3
E3_clone110_3,E3,clone110,E3::clone110,3
E3_clone110_4,E3,clone110,E3::clone110,3
E3_clone110_5,E3,clone110,E3::clone110,5
E3_clone110_6,E3,clone110,E3::clone110,5
E3_clone110_7,E3,clone110,E3::clone110,5
E3_clone110_8,E3,clone110,E3::clone110,3
E3_clone110_9,E3,clone110,E3::clone110,5
E3_clone110_10,E3,clone110,E3::clone110,3
E3_clone111_0,E3,clone111,E3::clone111,7
E3_clone112_0,E3,clone112,E3::clone112,8
E3_clone112_1,E3,clone112,E3::clone112,8
E3_clone112_2,E3,clone112,E3::clone112,8
E3_clone112_3,E3,clone112,E3::clone112,7
E3_clone112_4,E3,clone112,E3::clone112,1
E3_clone112_5,E3,clone112,E3::clone112,5
E3_clone113_0,E3,clone113,E3::clone113,0
E3_clone113_1,E3,clone113,E3::clone113,1
E3_clone113_2,E3,clone113,E3::clone113,2
E3_clone113_3,E3,clone113,E3::clone113,2
E3_clone113_4,E3,clone113,E3::clone113,2
E3_clone113_5,E3,clone113,E3::clone113,1
E3_clone113_6,E3,clone113,E3::clone113,2
E3_clone113_7,E3,clone113,E3::clone113,1
E3_clone113_8,E3,clone113,E3::clone113,0
E3_clone114_0,E3,clone114,E3::clone114,1
E3_clone114_1,E3,clone114,E3::clone114,2
E3_clone114_2,E3,clone114,E3::clone114,2
E3_clone114_3,E3,clone114,E3::clone114,2
E3_clone114_4,E3,clone114,E3::clone114,1
E3_clone114_5,E3,clone114,E3::clone114,2
E3_clone114_6,E3,clone114,E3::clone114,2
E3_clone114_7,E3,clone114,E3::clone114,1
E3_clone114_8,E3,clone114,E3::clone114,2
E3_clone115_0,E3,clone115,E3::clone115,4
E3_clone115_1,E3,clone115,E3::clone115,3
E3_clone115_2,E3,clone115,E3::clone115,5
E3_clone115_3,E3,clone115,E3::clone115,3
E3_clone116_0,E3,clone116,E3::clone116,8
E3_clone116_1,E3,clone116,E3::clone116,1
E3_clone116_2,E3,clone116,E3::clone116,1
E3_clone116_3,E3,clone116,E3::clone116,1
E3_clone116_4,E3,clone116,E3::clone116,6
E3_clone116_5,E3,clone116,E3::clone116,2
E3_clone117_0,E3,clone117,E3::clone117,7
E3_clone117_1,E3,clone117,E3::clone117,6
E3_clone118_0,E3,clone118,E3::clone118,2
E3_clone118_1,E3,clone118,E3::clone118,5
E3_clone118_2,E3,clone118,E3::clone118,2
E3_clone118_3,E3,clone118,E3::clone118,9
E3_clone118_4,E3,clone118,E3::clone118,2
E3_clone118_5,E3,clone118,E3::clone118,1
E3_clone118_6,E3,clone118,E3::clone118,2
E3_clone118_7,E3,clone118,E3::clone118,0
E3_clone118_8,E3,clone118,E3::clone118,2
E3_clone118_9,E3,clone118,E3::clone118,0
E3_clone119_0,E3,clone119,E3::clone119,2
E3_clone119_1,E3,clone119,E3::clone119,0
E3_clone119_2,E3,clone119,E3::clone119,0
E3_clone119_3,E3,clone119,E3::clone119,2
E3_clone119_4,E3,clone119,E3::clone119,0
E3_clone119_5,E3,clone119,E3::clone119,2
E3_clone119_6,E3,clone119,E3::clone119,1
E3_clone120_0,E3,clone120,E3::clone120,2
E3_clone121_0,E3,clone121,E3::clone121,6
E3_clone121_1,E3,clone121,E3::clone121,8
E3_clone121_2,E3,clone121,E3::clone121,7
E3_clone122_0,E3,clone122,E3::clone122,5
E3_clone122_1,E3,clone122,E3::clone122,5
E3_clone123_0,E3,clone123,E3::clone123,5
E3_clone123_1,E3,clone123,E3::clone123,3
E3_clone123_2,E3,clone123,E3::clone123,3
E3_clone123_3,E3,clone123,E3::clone123,5
E3_clone123_4,E3,clone123,E3::clone123,3
E3_clone123_5,E3,clone123,E3::clone123,3
E3_clone123_6,E3,clone123,E3::clone123,3
E3_clone123_7,E3,clone123,E3::clone123,3
E3_clone124_0,E3,clone124,E3::clone124,4
E3_clone124_1,E3,clone124,E3::clone124,3
E3_clone124_2,E3,clone124,E3::clone124,4
E3_clone124_3,E3,clone124,E3::clone124,3
E3_clone124_4,E3,clone124,E3::clone124,5
E3_clone124_5,E3,clone124,E3::clone124,5
E3_clone124_6,E3,clone124,E3::clone124,4
E3_clone124_7,E3,clone124,E3::clone124,4
E3_clone124_8,E3,clone124,E3::clone124,7
E3_clone124_9,E3,clone124,E3::clone124,5
E3_clone125_0,E3,clone125,E3::clone125,4
E3_clone125_1,E3,clone125,E3::clone125,3
E3_clone125_2,E3,clone125,E3::clone125,5
E3_clone125_3,E3,clone125,E3::clone125,3
E3_clone125_4,E3,clone125,E3::clone125,3
E3_clone125_5,E3,clone125,E3::clone125,11
E3_clone125_6,E3,clone125,E3::clone125,5
E3_clone125_7,E3,clone125,E3::clone125,3
E3_clone126_0,E3,clone126,E3::clone126,2
E3_clone126_1,E3,clone126,E3::clone126,0
E3_clone126_2,E3,clone126,E3::clone126,8
E3_clone126_3,E3,clone126,E3::clone126,8
E3_clone126_4,E3,clone126,E3::clone126,2
E3_clone126_5,E3,clone126,E3::clone126,2
E3_clone126_6,E3,clone126,E3::clone126,1
E3_clone126_7,E3,clone126,E3::clone126,0
E3_clone126_8,E3,clone126,E3::clone126,2
E3_clone126_9,E3,clone126,E3::clone126,0
E3_clone126_10,E3,clone126,E3::clone126,0
E3_clone127_0,E3,clone127,E3::clone127,0
E3_clone128_0,E3,clone128,E3::clone128,5
E3_clone128_1,E3,clone128,E3::clone128,5
E3_clone128_2,E3,clone128,E3::clone128,5
E3_clone128_3,E3,clone128,E3::clone128,4
E3_clone128_4,E3,clone128,E3::clone128,5
E3_clone128_5,E3,clone128,E3::clone128,5
E3_clone128_6,E3,clone128,E3::clone128,3
E3_clone128_7,E3,clone128,E3::clone128,5
E3_clone128_8,E3,clone128,E3::clone128,3
E3_clone128_9,E3,clone128,E3::clone128,3
E3_clone128_10,E3,clone128,E3::clone128,3
E3_clone129_0,E3,clone129,E3::clone129,1
E3_clone129_1,E3,clone129,E3::clone129,2
E3_clone129_2,E3,clone129,E3::clone129,5
E3_clone129_3,E3,clone129,E3::clone129,1
E3_clone129_4,E3,clone129,E3::clone129,2
E3_clone130_0,E3,clone130,E3::clone130,6
E3_clone130_1,E3,clone130,E3::clone130,6
E3_clone130_2,E3,clone130,E3::clone130,7
E3_clone131_0,E3,clone131,E3::clone131,5
E3_clone131_1,E3,clone131,E3::clone131,5
E3_clone131_2,E3,clone131,E3::clone131,5
E3_clone131_3,E3,clone131,E3::clone131,3
E3_clone132_0,E3,clone132,E3::clone132,0
E3_clone132_1,E3,clone132,E3::clone132,1
E3_clone132_2,E3,clone132,E3::clone132,2
E3_clone132_3,E3,clone132,E3::clone132,1
E3_clone132_4,E3,clone132,E3::clone132,2
E3_clone132_5,E3,clone132,E3::clone132,2
E3_clone132_6,E3,clone132,E3::clone132,2
E3_clone132_7,E3,clone132,E3::clone132,2
E3_clone132_8,E3,clone132,E3::clone132,1
E3_clone132_9,E3,clone132,E3::clone132,1
E3_clone133_0,E3,clone133,E3::clone133,5
E3_clone134_0,E3,clone134,E3::clone134,2
E3_clone134_1,E3,clone134,E3::clone134,2
E3_clone135_0,E3,clone135,E3::clone135,1
E3_clone135_1,E3,clone135,E3::clone135,5
E3_clone135_2,E3,clone135,E3::clone135,0
E3_clone135_3,E3,clone135,E3::clone135,4
E3_clone136_0,E3,clone136,E3::clone136,4
E3_clone137_0,E3,clone137,E3::clone137,7
E3_clone137_1,E3,clone137,E3::clone137,2
E3_clone138_0,E3,clone138,E3::clone138,5
E3_clone138_1,E3,clone138,E3::clone138,7
E3_clone138_2,E3,clone138,E3::clone138,2
E3_clone138_3,E3,clone138,E3::clone138,1
E3_clone139_0,E3,clone139,E3::clone139,5
E3_clone139_1,E3,clone139,E3::clone139,5
E3_clone139_2,E3,clone139,E3::clone139,4
E3_clone139_3,E3,clone139,E3::clone139,3
E3_clone139_4,E3,clone139,E3::clone139,3
E3_clone139_5,E3,clone139,E3::clone139,5
E3_clone139_6,E3,clone139,E3::clone139,8
E3_clone139_7,E3,clone139,E3::clone139,3
E3_clone139_8,E3,clone139,E3::clone139,5
E3_clone139_9,E3,clone139,E3::clone139,5
E3_clone139_10,E3,clone139,E3::clone139,3
E3_clone140_0,E3,clone140,E3::clone140,5
E3_clone140_1,E3,clone140,E3::clone140,3
E3_clone140_2,E3,clone140,E3::clone140,5
E3_clone140_3,E3,clone140,E3::clone140,5
E3_clone140_4,E3,clone140,E3::clone140,5
E3_clone140_5,E3,clone140,E3::clone140,5
E3_clone140_6,E3,clone140,E3::clone140,5
E3_clone140_7,E3,clone140,E3::clone140,5
E3_clone140_8,E3,clone140,E3::clone140,3
E3_clone141_0,E3,clone141,E3::clone141,3
E3_clone141_1,E3,clone141,E3::clone141,5
E3_clone142_0,E3,clone142,E3::clone142,3
E3_clone142_1,E3,clone142,E3::clone142,3
E3_clone142_2,E3,clone142,E3::clone142,3
E3_clone142_3,E3,clone142,E3::clone142,5
E3_clone142_4,E3,clone142,E3::clone142,5
E3_clone142_5,E3,clone142,E3::clone142,3
E3_clone142_6,E3,clone142,E3::clone142,5
E3_clone142_7,E3,clone142,E3::clone142,5
E3_clone142_8,E3,clone142,E3::clone142,3
E3_clone142_9,E3,clone142,E3::clone142,5
E3_clone142_10,E3,clone142,E3::clone142,4
E3_clone143_0,E3,clone143,E3::clone143,2
E3_clone143_1,E3,clone143,E3::clone143,0
E3_clone144_0,E3,clone144,E3::clone144,8
E3_clone144_1,E3,clone144,E3::clone144,7
E3_clone144_2,E3,clone144,E3::clone144,7
E3_clone144_3,E3,clone144,E3::clone144,9
E3_clone144_4,E3,clone144,E3::clone144,6
E3_clone144_5,E3,clone144,E3::clone144,6
E3_clone144_6,E3,clone144,E3::clone144,7
E3_clone144_7,E3,clone144,E3::clone144,7
E3_clone144_8,E3,clone144,E3::clone144,7
E3_clone144_9,E3,clone144,E3::clone144,1
E3_clone145_0,E3,clone145,E3::clone145,3
E3_clone145_1,E3,clone145,E3::clone145,3
E3_clone145_2,E3,clone145,E3::clone145,3
E3_clone145_3,E3,clone145,E3::clone145,3
E3_clone145_4,E3,clone145,E3::clone145,5
E3_clone145_5,E3,clone145,E3::clone145,3
E3_clone145_6,E3,clone145,E3::clone145,5
E3_clone145_7,E3,clone145,E3::clone145,5
E3_clone145_8,E3,clone145,E3::clone145,3
E3_clone145_9,E3,clone145,E3::clone145,5
E3_clone146_0,E3,clone146,E3::clone146,0
E3_clone147_0,E3,clone147,E3::clone147,9
E3_clone147_1,E3,clone147,E3::clone147,2
E3_clone147_2,E3,clone147,E3::clone147,8
E3_clone147_3,E3,clone147,E3::clone147,6
E3_clone147_4,E3,clone147,E3::clone147,0
E3_clone147_5,E3,clone147,E3::clone147,2
E3_clone147_6,E3,clone147,E3::clone147,1
E3_clone147_7,E3,clone147,E3::clone147,2
E3_clone148_0,E3,clone148,E3::clone148,2
E3_clone148_1,E3,clone148,E3::clone148,2
E3_clone148_2,E3,clone148,E3::clone148,2
E3_clone148_3,E3,clone148,E3::clone148,1
E3_clone149_0,E3,clone149,E3::clone149,9
E4_clone0_0,E4,clone0,E4::clone0,6
E4_clone0_1,E4,clone0,E4::clone0,8
E4_clone0_2,E4,clone0,E4::clone0,6
E4_clone1_0,E4,clone1,E4::clone1,0
E4_clone1_1,E4,clone1,E4::clone1,4
E4_clone1_2,E4,clone1,E4::clone1,4
E4_clone1_3,E4,clone1,E4::clone1,4
E4_clone1_4,E4,clone1,E4::clone1,4
E4_clone1_5,E4,clone1,E4::clone1,4
E4_clone1_6,E4,clone1,E4::clone1,4
E4_clone1_7,E4,clone1,E4::clone1,3
E4_clone2_0,E4,clone2,E4::clone2,10
E4_clone2_1,E4,clone2,E4::clone2,7
E4_clone2_2,E4,clone2,E4::clone2,5
E4_clone2_3,E4,clone2,E4::clone2,4
E4_clone2_4,E4,clone2,E4::clone2,4
E4_clone2_5,E4,clone2,E4::clone2,3
E4_clone3_0,E4,clone3,E4::clone3,4
E4_clone3_1,E4,clone3,E4::clone3,4
E4_clone3_2,E4,clone3,E4::clone3,4
E4_clone3_3,E4,clone3,E4::clone3,3
E4_clone3_4,E4,clone3,E4::clone3,4
E4_clone3_5,E4,clone3,E4::clone3,4
E4_clone3_6,E4,clone3,E4::clone3,4
E4_clone3_7,E4,clone3,E4::clone3,3
E4_clone3_8,E4,clone3,E4::clone3,3
E4_clone3_9,E4,clone3,E4::clone3,4
E4_clone3_10,E4,clone3,E4::clone3,4
E4_clone4_0,E4,clone4,E4::clone4,1
E4_clone4_1,E4,clone4,E4::clone4,0
E4_clone4_2,E4,clone4,E4::clone4,2
E4_clone4_3,E4,clone4,E4::clone4,2
E4_clone4_4,E4,clone4,E4::clone4,1
E4_clone4_5,E4,clone4,E4::clone4,2
E4_clone5_0,E4,clone5,E4::clone5,1
E4_clone6_0,E4,clone6,E4::clone6,5
E4_clone6_1,E4,clone6,E4::clone6,3
E4_clone6_2,E4,clone6,E4::clone6,3
E4_clone6_3,E4,clone6,E4::clone6,4
E4_clone7_0,E4,clone7,E4::clone7,10
E4_clone7_1,E4,clone7,E4::clone7,3
E4_clone7_2,E4,clone7,E4::clone7,4
E4_clone7_3,E4,clone7,E4::clone7,4
E4_clone7_4,E4,clone7,E4::clone7,4
E4_clone7_5,E4,clone7,E4::clone7,4
E4_clone7_6,E4,clone7,E4::clone7,4
E4_clone7_7,E4,clone7,E4::clone7,3
E4_clone7_8,E4,clone7,E4::clone7,4
E4_clone7_9,E4,clone7,E4::clone7,4
E4_clone8_0,E4,clone8,E4::clone8,4
E4_clone8_1,E4,clone8,E4::clone8,4
E4_clone8_2,E4,clone8,E4::clone8,4
E4_clone8_3,E4,clone8,E4::clone8,5
E4_clone8_4,E4,clone8,E4::clone8,3
E4_clone8_5,E4,clone8,E4::clone8,7
E4_clone9_0,E4,clone9,E4::clone9,8
E4_clone9_1,E4,clone9,E4::clone9,6
E4_clone9_2,E4,clone9,E4::clone9,8
E4_clone9_3,E4,clone9,E4::clone9,6
E4_clone9_4,E4,clone9,E4::clone9,8
E4_clone9_5,E4,clone9,E4::clone9,6
E4_clone9_6,E4,clone9,E4::clone9,6
E4_clone9_7,E4,clone9,E4::clone9,6
E4_clone9_8,E4,clone9,E4::clone9,6
E4_clone9_9,E4,clone9,E4::clone9,6
E4_clone9_10,E4,clone9,E4::clone9,8
E4_clone10_0,E4,clone10,E4::clone10,3
E4_clone10_1,E4,clone10,E4::clone10,4
E4_clone10_2,E4,clone10,E4::clone10,4
E4_clone10_3,E4,clone10,E4::clone10,4
E4_clone10_4,E4,clone10,E4::clone10,4
E4_clone11_0,E4,clone11,E4::clone11,8
E4_clone11_1,E4,clone11,E4::clone11,6
E4_clone11_2,E4,clone11,E4::clone11,6
E4_clone12_0,E4,clone12,E4::clone12,3
E4_clone12_1,E4,clone12,E4::clone12,1
E4_clone12_2,E4,clone12,E4::clone12,3
E4_clone12_3,E4,clone12,E4::clone12,0
E4_clone12_4,E4,clone12,E4::clone12,0
E4_clone12_5,E4,clone12,E4::clone12,10
E4_clone12_6,E4,clone12,E4::clone12,4
E4_clone12_7,E4,clone12,E4::clone12,5
E4_clone12_8,E4,clone12,E4::clone12,8
E4_clone13_0,E4,clone13,E4::clone13,3
E4_clone13_1,E4,clone13,E4::clone13,3
E4_clone13_2,E4,clone13,E4::clone13,4
E4_clone13_3,E4,clone13,E4::clone13,3
E4_clone13_4,E4,clone13,E4::clone13,5
E4_clone13_5,E4,clone13,E4::clone13,1
E4_clone13_6,E4,clone13,E4::clone13,3
E4_clone13_7,E4,clone13,E4::clone13,3
E4_clone13_8,E4,clone13,E4::clone13,3
E4_clone14_0,E4,clone14,E4::clone14,3
E4_clone14_1,E4,clone14,E4::clone14,4
E4_clone14_2,E4,clone14,E4::clone14,5
E4_clone15_0,E4,clone15,E4::clone15,4
E4_clone15_1,E4,clone15,E4::clone15,4
E4_clone15_2,E4,clone15,E4::clone15,3
E4_clone16_0,E4,clone16,E4::clone16,7
E4_clone16_1,E4,clone16,E4::clone16,6
E4_clone16_2,E4,clone16,E4::clone16,6
E4_clone16_3,E4,clone16,E4::clone16,8
E4_clone16_4,E4,clone16,E4::clone16,7
E4_clone16_5,E4,clone16,E4::clone16,7
E4_clone16_6,E4,clone16,E4::clone16,8
E4_clone16_7,E4,clone16,E4::clone16,7
E4_clone16_8,E4,clone16,E4::clone16,7
E4_clone16_9,E4,clone16,E4::clone16,6
E4_clone17_0,E4,clone17,E4::clone17,10
E4_clone17_1,E4,clone17,E4::clone17,2
E4_clone17_2,E4,clone17,E4::clone17,1
E4_clone17_3,E4,clone17,E4::clone17,2
E4_clone18_0,E4,clone18,E4::clone18,6
E4_clone18_1,E4,clone18,E4::clone18,8
E4_clone18_2,E4,clone18,E4::clone18,7
E4_clone18_3,E4,clone18,E4::clone18,6
E4_clone19_0,E4,clone19,E4::clone19,3
E4_clone20_0,E4,clone20,E4::clone20,2
E4_clone20_1,E4,clone20,E4::clone20,1
E4_clone20_2,E4,clone20,E4::clone20,1
E4_clone20_3,E4,clone20,E4::clone20,1
E4_clone20_4,E4,clone20,E4::clone20,4
E4_clone20_5,E4,clone20,E4::clone20,1
E4_clone20_6,E4,clone20,E4::clone20,1
E4_clone20_7,E4,clone20,E4::clone20,1
E4_clone21_0,E4,clone21,E4::clone21,1
E4_clone21_1,E4,clone21,E4::clone21,0
E4_clone22_0,E4,clone22,E4::clone22,5
E4_clone22_1,E4,clone22,E4::clone22,3
E4_clone22_2,E4,clone22,E4::clone22,3
E4_clone22_3,E4,clone22,E4::clone22,5
E4_clone22_4,E4,clone22,E4::clone22,5
E4_clone22_5,E4,clone22,E4::clone22,4
E4_clone23_0,E4,clone23,E4::clone23,1
E4_clone23_1,E4,clone23,E4::clone23,1
E4_clone24_0,E4,clone24,E4::clone24,2
E4_clone24_1,E4,clone24,E4::clone24,1
E4_clone24_2,E4,clone24,E4::clone24,2
E4_clone24_3,E4,clone24,E4::clone24,1
E4_clone25_0,E4,clone25,E4::clone25,2
E4_clone25_1,E4,clone25,E4::clone25,4
E4_clone26_0,E4,clone26,E4::clone26,3
E4_clone26_1,E4,clone26,E4::clone26,3
E4_clone26_2,E4,clone26,E4::clone26,4
E4_clone26_3,E4,clone26,E4::clone26,3
E4_clone26_4,E4,clone26,E4::clone26,4
E4_clone27_0,E4,clone27,E4::clone27,3
E4_clone27_1,E4,clone27,E4::clone27,3
E4_clone27_2,E4,clone27,E4::clone27,4
E4_clone27_3,E4,clone27,E4::clone27,5
E4_clone28_0,E4,clone28,E4::clone28,0
E4_clone28_1,E4,clone28,E4::clone28,2
E4_clone28_2,E4,clone28,E4::clone28,0
E4_clone28_3,E4,clone28,E4::clone28,2
E4_clone28_4,E4,clone28,E4::clone28,2
E4_clone28_5,E4,clone28,E4::clone28,1
E4_clone28_6,E4,clone28,E4::clone28,1
E4_clone29_0,E4,clone29,E4::clone29,0
E4_clone29_1,E4,clone29,E4::clone29,1
E4_clone29_2,E4,clone29,E4::clone29,5
E4_clone29_3,E4,clone29,E4::clone29,1
E4_clone29_4,E4,clone29,E4::clone29,2
E4_clone29_5,E4,clone29,E4::clone29,2
E4_clone29_6,E4,clone29,E4::clone29,0
E4_clone30_0,E4,clone30,E4::clone30,2
E4_clone31_0,E4,clone31,E4::clone31,4
E4_clone31_1,E4,clone31,E4::clone31,4
E4_clone32_0,E4,clone32,E4::clone32,8
E4_clone32_1,E4,clone32,E4::clone32,8
E4_clone32_2,E4,clone32,E4::clone32,8
E4_clone33_0,E4,clone33,E4::clone33,4
E4_clone33_1,E4,clone33,E4::clone33,5
E4_clone33_2,E4,clone33,E4::clone33,4
E4_clone33_3,E4,clone33,E4::clone33,4
E4_clone33_4,E4,clone33,E4::clone33,4
E4_clone33_5,E4,clone33,E4::clone33,4
E4_clone33_6,E4,clone33,E4::clone33,4
E4_clone33_7,E4,clone33,E4::clone33,4
E4_clone33_8,E4,clone33,E4::clone33,4
E4_clone34_0,E4,clone34,E4::clone34,2
E4_clone34_1,E4,clone34,E4::clone34,2
E4_clone34_2,E4,clone34,E4::clone34,7
E4_clone34_3,E4,clone34,E4::clone34,6
E4_clone34_4,E4,clone34,E4::clone34,2
E4_clone34_5,E4,clone34,E4::clone34,2
E4_clone34_6,E4,clone34,E4::clone34,0
E4_clone34_7,E4,clone34,E4::clone34,10
E4_clone34_8,E4,clone34,E4::clone34,1
E4_clone34_9,E4,clone34,E4::clone34,2
E4_clone35_0,E4,clone35,E4::clone35,6
E4_clone35_1,E4,clone35,E4::clone35,6
E4_clone35_2,E4,clone35,E4::clone35,6
E4_clone35_3,E4,clone35,E4::clone35,8
E4_clone35_4,E4,clone35,E4::clone35,7
E4_clone35_5,E4,clone35,E4::clone35,6
E4_clone35_6,E4,clone35,E4::clone35,7
E4_clone35_7,E4,clone35,E4::clone35,6
E4_clone35_8,E4,clone35,E4::clone35,8
E4_clone35_9,E4,clone35,E4::clone35,6
E4_clone35_10,E4,clone35,E4::clone35,6
E4_clone36_0,E4,clone36,E4::clone36,4
E4_clone36_1,E4,clone36,E4::clone36,4
E4_clone36_2,E4,clone36,E4::clone36,4
E4_clone36_3,E4,clone36,E4::clone36,4
E4_clone36_4,E4,clone36,E4::clone36,3
E4_clone36_5,E4,clone36,E4::clone36,3
E4_clone36_6,E4,clone36,E4::clone36,5
E4_clone36_7,E4,clone36,E4::clone36,3
E4_clone36_8,E4,clone36,E4::clone36,10
E4_clone36_9,E4,clone36,E4::clone36,3
E4_clone37_0,E4,clone37,E4::clone37,1
E4_clone38_0,E4,clone38,E4::clone38,7
E4_clone38_1,E4,clone38,E4::clone38,6
E4_clone38_2,E4,clone38,E4::clone38,7
E4_clone38_3,E4,clone38,E4::clone38,7
E4_clone38_4,E4,clone38,E4::clone38,8
E4_clone38_5,E4,clone38,E4::clone38,8
E4_clone38_6,E4,clone38,E4::clone38,7
E4_clone38_7,E4,clone38,E4::clone38,8
E4_clone38_8,E4,clone38,E4::clone38,8
E4_clone39_0,E4,clone39,E4::clone39,4
E4_clone40_0,E4,clone40,E4::clone40,8
E4_clone40_1,E4,clone40,E4::clone40,6
E4_clone40_2,E4,clone40,E4::clone40,8
E4_clone40_3,E4,clone40,E4::clone40,8
E4_clone40_4,E4,clone40,E4::clone40,6
E4_clone40_5,E4,clone40,E4::clone40,7
E4_clone40_6,E4,clone40,E4::clone40,8
E4_clone41_0,E4,clone41,E4::clone41,6
E4_clone42_0,E4,clone42,E4::clone42,3
E4_clone42_1,E4,clone42,E4::clone42,3
E4_clone42_2,E4,clone42,E4::clone42,3
E4_clone42_3,E4,clone42,E4::clone42,3
E4_clone42_4,E4,clone42,E4::clone42,4
E4_clone42_5,E4,clone42,E4::clone42,4
E4_clone42_6,E4,clone42,E4::clone42,4
E4_clone42_7,E4,clone42,E4::clone42,4
E4_clone42_8,E4,clone42,E4::clone42,4
E4_clone42_9,E4,clone42,E4::clone42,3
E4_clone42_10,E4,clone42,E4::clone42,3
E4_clone43_0,E4,clone43,E4::clone43,1
E4_clone43_1,E4,clone43,E4::clone43,0
E4_clone43_2,E4,clone43,E4::clone43,0
E4_clone43_3,E4,clone43,E4::clone43,0
E4_clone44_0,E4,clone44,E4::clone44,5
E4_clone44_1,E4,clone44,E4::clone44,4
E4_clone44_2,E4,clone44,E4::clone44,4
E4_clone44_3,E4,clone44,E4::clone44,3
E4_clone44_4,E4,clone44,E4::clone44,4
E4_clone45_0,E4,clone45,E4::clone45,1
E4_clone45_1,E4,clone45,E4::clone45,1
E4_clone45_2,E4,clone45,E4::clone45,1
E4_clone45_3,E4,clone45,E4::clone45,1
E4_clone45_4,E4,clone45,E4::clone45,2
E4_clone45_5,E4,clone45,E4::clone45,4
E4_clone45_6,E4,clone45,E4::clone45,2
E4_clone45_7,E4,clone45,E4::clone45,2
E4_clone46_0,E4,clone46,E4::clone46,2
E4_clone46_1,E4,clone46,E4::clone46,2
E4_clone47_0,E4,clone47,E4::clone47,1
E4_clone47_1,E4,clone47,E4::clone47,7
E4_clone47_2,E4,clone47,E4::clone47,2
E4_clone47_3,E4,clone47,E4::clone47,1
E4_clone47_4,E4,clone47,E4::clone47,2
E4_clone47_5,E4,clone47,E4::clone47,1
E4_clone48_0,E4,clone48,E4::clone48,1
E4_clone48_1,E4,clone48,E4::clone48,2
E4_clone48_2,E4,clone48,E4::clone48,0
E4_clone48_3,E4,clone48,E4::clone48,2
E4_clone48_4,E4,clone48,E4::clone48,1
E4_clone48_5,E4,clone48,E4::clone48,2
E4_clone48_6,E4,clone48,E4::clone48,2
E4_clone49_0,E4,clone49,E4::clone49,4
E4_clone49_1,E4,clone49,E4::clone49,6
E4_clone49_2,E4,clone49,E4::clone49,4
E4_clone49_3,E4,clone49,E4::clone49,4
E4_clone49_4,E4,clone49,E4::clone49,4
E4_clone49_5,E4,clone49,E4::clone49,3
E4_clone50_0,E4,clone50,E4::clone50,3
E4_clone51_0,E4,clone51,E4::clone51,1
E4_clone51_1,E4,clone51,E4::clone51,2
E4_clone51_2,E4,clone51,E4::clone51,1
E4_clone51_3,E4,clone51,E4::clone51,3
E4_clone52_0,E4,clone52,E4::clone52,3
E4_clone52_1,E4,clone52,E4::clone52,4
E4_clone53_0,E4,clone53,E4::clone53,2
E4_clone53_1,E4,clone53,E4::clone53,1
E4_clone53_2,E4,clone53,E4::clone53,8
E4_clone53_3,E4,clone53,E4::clone53,1
E4_clone53_4,E4,clone53,E4::clone53,2
E4_clone54_0,E4,clone54,E4::clone54,4
E4_clone55_0,E4,clone55,E4::clone55,1
E4_clone55_1,E4,clone55,E4::clone55,0
E4_clone55_2,E4,clone55,E4::clone55,0
E4_clone56_0,E4,clone56,E4::clone56,0
E4_clone56_1,E4,clone56,E4::clone56,5
E4_clone56_2,E4,clone56,E4::clone56,3
E4_clone56_3,E4,clone56,E4::clone56,4
E4_clone56_4,E4,clone56,E4::clone56,4
E4_clone56_5,E4,clone56,E4::clone56,5
E4_clone56_6,E4,clone56,E4::clone56,4
E4_clone57_0,E4,clone57,E4::clone57,7
E4_clone57_1,E4,clone57,E4::clone57,3
E4_clone57_2,E4,clone57,E4::clone57,10
E4_clone57_3,E4,clone57,E4::clone57,4
E4_clone57_4,E4,clone57,E4::clone57,5
E4_clone57_5,E4,clone57,E4::clone57,3
E4_clone57_6,E4,clone57,E4::clone57,3
E4_clone57_7,E4,clone57,E4::clone57,4
E4_clone57_8,E4,clone57,E4::clone57,4
E4_clone57_9,E4,clone57,E4::clone57,4
E4_clone57_10,E4,clone57,E4::clone57,5
E4_clone58_0,E4,clone58,E4::clone58,1
E4_clone58_1,E4,clone58,E4::clone58,0
E4_clone58_2,E4,clone58,E4::clone58,0
E4_clone58_3,E4,clone58,E4::clone58,0
E4_clone58_4,E4,clone58,E4::clone58,3
E4_clone58_5,E4,clone58,E4::clone58,2
E4_clone58_6,E4,clone58,E4::clone58,2
E4_clone58_7,E4,clone58,E4::clone58,1
E4_clone58_8,E4,clone58,E4::clone58,2
E4_clone58_9,E4,clone58,E4::clone58,3
E4_clone58_10,E4,clone58,E4::clone58,4
E4_clone59_0,E4,clone59,E4::clone59,4
E4_clone59_1,E4,clone59,E4::clone59,4
E4_clone59_2,E4,clone59,E4::clone59,4
E4_clone59_3,E4,clone59,E4::clone59,4
E4_clone59_4,E4,clone59,E4::clone59,4
E4_clone59_5,E4,clone59,E4::clone59,4
E4_clone59_6,E4,clone59,E4::clone59,3
E4_clone60_0,E4,clone60,E4::clone60,4
E4_clone60_1,E4,clone60,E4::clone60,4
E4_clone60_2,E4,clone60,E4::clone60,3
E4_clone60_3,E4,clone60,E4::clone60,4
E4_clone60_4,E4,clone60,E4::clone60,4
E4_clone61_0,E4,clone61,E4::clone61,6
E4_clone61_1,E4,clone61,E4::clone61,7
E4_clone61_2,E4,clone61,E4::clone61,7
E4_clone61_3,E4,clone61,E4::clone61,8
E4_clone61_4,E4,clone61,E4::clone61,6
E4_clone61_5,E4,clone61,E4::clone61,8
E4_clone62_0,E4,clone62,E4::clone62,4
E4_clone62_1,E4,clone62,E4::clone62,3
E4_clone62_2,E4,clone62,E4::clone62,4
E4_clone62_3,E4,clone62,E4::clone62,3
E4_clone62_4,E4,clone62,E4::clone62,4
E4_clone62_5,E4,clone62,E4::clone62,4
E4_clone62_6,E4,clone62,E4::clone62,4
E4_clone62_7,E4,clone62,E4::clone62,3
E4_clone63_0,E4,clone63,E4::clone63,0
E4_clone63_1,E4,clone63,E4::clone63,0
E4_clone63_2,E4,clone63,E4::clone63,2
E4_clone63_3,E4,clone63,E4::clone63,0
E4_clone63_4,E4,clone63,E4::clone63,4
E4_clone63_5,E4,clone63,E4::clone63,1
E4_clone64_0,E4,clone64,E4::clone64,6
E4_clone64_1,E4,clone64,E4::clone64,6
E4_clone64_2,E4,clone64,E4::clone64,8
E4_clone64_3,E4,clone64,E4::clone64,8
E4_clone64_4,E4,clone64,E4::clone64,7
E4_clone64_5,E4,clone64,E4::clone64,6
E4_clone64_6,E4,clone64,E4::clone64,7
E4_clone64_7,E4,clone64,E4::clone64,10
E4_clone64_8,E4,clone64,E4::clone64,8
E4_clone65_0,E4,clone65,E4::clone65,1
E4_clone65_1,E4,clone65,E4::clone65,1
E4_clone66_0,E4,clone66,E4::clone66,3
E4_clone66_1,E4,clone66,E4::clone66,4
E4_clone66_2,E4,clone66,E4::clone66,3
E4_clone66_3,E4,clone66,E4::clone66,4
E4_clone66_4,E4,clone66,E4::clone66,3
E4_clone66_5,E4,clone66,E4::clone66,4
E4_clone67_0,E4,clone67,E4::clone67,8
E4_clone67_1,E4,clone67,E4::clone67,0
E4_clone68_0,E4,clone68,E4::clone68,0
E4_clone68_1,E4,clone68,E4::clone68,1
E4_clone68_2,E4,clone68,E4::clone68,0
E4_clone68_3,E4,clone68,E4::clone68,0
E4_clone68_4,E4,clone68,E4::clone68,1
E4_clone68_5,E4,clone68,E4::clone68,2
E4_clone68_6,E4,clone68,E4::clone68,0
E4_clone68_7,E4,clone68,E4::clone68,1
E4_clone68_8,E4,clone68,E4::clone68,2
E4_clone68_9,E4,clone68,E4::clone68,1
E4_clone68_10,E4,clone68,E4::clone68,1
E4_clone69_0,E4,clone69,E4::clone69,1
E4_clone69_1,E4,clone69,E4::clone69,1
E4_clone69_2,E4,clone69,E4::clone69,10
E4_clone69_3,E4,clone69,E4::clone69,10
E4_clone69_4,E4,clone69,E4::clone69,10
E4_clone69_5,E4,clone69,E4::clone69,1
E4_clone70_0,E4,clone70,E4::clone70,1
E4_clone70_1,E4,clone70,E4::clone70,0
E4_clone70_2,E4,clone70,E4::clone70,0
E4_clone70_3,E4,clone70,E4::clone70,1
E4_clone70_4,E4,clone70,E4::clone70,1
E4_clone70_5,E4,clone70,E4::clone70,0
E4_clone70_6,E4,clone70,E4::clone70,2
E4_clone70_7,E4,clone70,E4::clone70,1
E4_clone71_0,E4,clone71,E4::clone71,6
E4_clone72_0,E4,clone72,E4::clone72,1
E4_clone72_1,E4,clone72,E4::clone72,0
E4_clone72_2,E4,clone72,E4::clone72,0
E4_clone72_3,E4,clone72,E4::clone72,2
E4_clone73_0,E4,clone73,E4::clone73,0
E4_clone73_1,E4,clone73,E4::clone73,7
E4_clone73_2,E4,clone73,E4::clone73,0
E4_clone73_3,E4,clone73,E4::clone73,2
E4_clone73_4,E4,clone73,E4::clone73,2
E4_clone73_5,E4,clone73,E4::clone73,1
E4_clone74_0,E4,clone74,E4::clone74,2
E4_clone74_1,E4,clone74,E4::clone74,1
E4_clone74_2,E4,clone74,E4::clone74,0
E4_clone74_3,E4,clone74,E4::clone74,1
E4_clone74_4,E4,clone74,E4::clone74,6
E4_clone74_5,E4,clone74,E4::clone74,2
E4_clone74_6,E4,clone74,E4::clone74,8
E4_clone74_7,E4,clone74,E4::clone74,2
E4_clone74_8,E4,clone74,E4::clone74,2
E4_clone75_0,E4,clone75,E4::clone75,5
E4_clone75_1,E4,clone75,E4::clone75,4
E4_clone75_2,E4,clone75,E4::clone75,4
E4_clone75_3,E4,clone75,E4::clone75,4
E4_clone75_4,E4,clone75,E4::clone75,4
E4_clone76_0,E4,clone76,E4::clone76,1
E4_clone76_1,E4,clone76,E4::clone76,4
E4_clone76_2,E4,clone76,E4::clone76,1
E4_clone76_3,E4,clone76,E4::clone76,3
E4_clone76_4,E4,clone76,E4::clone76,1
E4_clone76_5,E4,clone76,E4::clone76,2
E4_clone76_6,E4,clone76,E4::clone76,0
E4_clone76_7,E4,clone76,E4::clone76,7
E4_clone76_8,E4,clone76,E4::clone76,1
E4_clone77_0,E4,clone77,E4::clone77,1
E4_clone77_1,E4,clone77,E4::clone77,1
E4_clone78_0,E4,clone78,E4::clone78,5
E4_clone78_1,E4,clone78,E4::clone78,4
E4_clone78_2,E4,clone78,E4::clone78,4
E4_clone78_3,E4,clone78,E4::clone78,4
E4_clone79_0,E4,clone79,E4::clone79,8
E4_clone79_1,E4,clone79,E4::clone79,6
E4_clone79_2,E4,clone79,E4::clone79,8
E4_clone79_3,E4,clone79,E4::clone79,6
E4_clone79_4,E4,clone79,E4::clone79,8
E4_clone80_0,E4,clone80,E4::clone80,3
E4_clone80_1,E4,clone80,E4::clone80,4
E4_clone80_2,E4,clone80,E4::clone80,3
E4_clone80_3,E4,clone80,E4::clone80,4
E4_clone80_4,E4,clone80,E4::clone80,3
E4_clone80_5,E4,clone80,E4::clone80,4
E4_clone81_0,E4,clone81,E4::clone81,6
E4_clone81_1,E4,clone81,E4::clone81,6
E4_clone81_2,E4,clone81,E4::clone81,7
E4_clone81_3,E4,clone81,E4::clone81,6
E4_clone81_4,E4,clone81,E4::clone81,6
E4_clone81_5,E4,clone81,E4::clone81,3
E4_clone81_6,E4,clone81,E4::clone81,6
E4_clone81_7,E4,clone81,E4::clone81,7
E4_clone81_8,E4,clone81,E4::clone81,7
E4_clone81_9,E4,clone81,E4::clone81,6
E4_clone81_10,E4,clone81,E4::clone81,6
E4_clone82_0,E4,clone82,E4::clone82,2
E4_clone82_1,E4,clone82,E4::clone82,1
E4_clone83_0,E4,clone83,E4::clone83,5
E4_clone83_1,E4,clone83,E4::clone83,4
E4_clone83_2,E4,clone83,E4::clone83,4
E4_clone83_3,E4,clone83,E4::clone83,3
E4_clone83_4,E4,clone83,E4::clone83,3
E4_clone84_0,E4,clone84,E4::clone84,8
E4_clone84_1,E4,clone84,E4::clone84,6
E4_clone84_2,E4,clone84,E4::clone84,6
E4_clone84_3,E4,clone84,E4::clone84,6
E4_clone84_4,E4,clone84,E4::clone84,7
E4_clone84_5,E4,clone84,E4::clone84,7
E4_clone85_0,E4,clone85,E4::clone85,5
E4_clone85_1,E4,clone85,E4::clone85,3
E4_clone86_0,E4,clone86,E4::clone86,3
E4_clone86_1,E4,clone86,E4::clone86,5
E4_clone86_2,E4,clone86,E4::clone86,3
E4_clone86_3,E4,clone86,E4::clone86,4
E4_clone86_4,E4,clone86,E4::clone86,4
E4_clone86_5,E4,clone86,E4::clone86,5
E4_clone86_6,E4,clone86,E4::clone86,4
E4_clone87_0,E4,clone87,E4::clone87,3
E4_clone87_1,E4,clone87,E4::clone87,2
E4_clone87_2,E4,clone87,E4::clone87,2
E4_clone87_3,E4,clone87,E4::clone87,2
E4_clone87_4,E4,clone87,E4::clone87,1
E4_clone87_5,E4,clone87,E4::clone87,2
E4_clone87_6,E4,clone87,E4::clone87,4
E4_clone87_7,E4,clone87,E4::clone87,1
E4_clone88_0,E4,clone88,E4::clone88,8
E4_clone88_1,E4,clone88,E4::clone88,8
E4_clone88_2,E4,clone88,E4::clone88,6
E4_clone88_3,E4,clone88,E4::clone88,10
E4_clone88_4,E4,clone88,E4::clone88,6
E4_clone88_5,E4,clone88,E4::clone88,7
E4_clone89_0,E4,clone89,E4::clone89,4
E4_clone89_1,E4,clone89,E4::clone89,5
E4_clone89_2,E4,clone89,E4::clone89,4
E4_clone89_3,E4,clone89,E4::clone89,4
E4_clone89_4,E4,clone89,E4::clone89,4
E4_clone89_5,E4,clone89,E4::clone89,4
E4_clone90_0,E4,clone90,E4::clone90,2
E4_clone90_1,E4,clone90,E4::clone90,4
E4_clone91_0,E4,clone91,E4::clone91,4
E4_clone91_1,E4,clone91,E4::clone91,4
E4_clone91_2,E4,clone91,E4::clone91,4
E4_clone91_3,E4,clone91,E4::clone91,3
E4_clone91_4,E4,clone91,E4::clone91,4
E4_clone91_5,E4,clone91,E4::clone91,4
E4_clone92_0,E4,clone92,E4::clone92,2
E4_clone92_1,E4,clone92,E4::clone92,1
E4_clone92_2,E4,clone92,E4::clone92,1
E4_clone92_3,E4,clone92,E4::clone92,1
E4_clone92_4,E4,clone92,E4::clone92,2
E4_clone93_0,E4,clone93,E4::clone93,4
E4_clone93_1,E4,clone93,E4::clone93,4
E4_clone93_2,E4,clone93,E4::clone93,1
E4_clone94_0,E4,clone94,E4::clone94,1
E4_clone94_1,E4,clone94,E4::clone94,1
E4_clone94_2,E4,clone94,E4::clone94,2
E4_clone94_3,E4,clone94,E4::clone94,1
E4_clone94_4,E4,clone94,E4::clone94,4
E4_clone95_0,E4,clone95,E4::clone95,2
E4_clone95_1,E4,clone95,E4::clone95,1
E4_clone95_2,E4,clone95,E4::clone95,0
E4_clone95_3,E4,clone95,E4::clone95,1
E4_clone95_4,E4,clone95,E4::clone95,2
E4_clone95_5,E4,clone95,E4::clone95,1
E4_clone95_6,E4,clone95,E4::clone95,9
E4_clone95_7,E4,clone95,E4::clone95,2
E4_clone95_8,E4,clone95,E4::clone95,10
E4_clone95_9,E4,clone95,E4::clone95,1
E4_clone96_0,E4,clone96,E4::clone96,4
E4_clone96_1,E4,clone96,E4::clone96,10
E4_clone96_2,E4,clone96,E4::clone96,4
E4_clone96_3,E4,clone96,E4::clone96,5
E4_clone96_4,E4,clone96,E4::clone96,4
E4_clone96_5,E4,clone96,E4::clone96,3
E4_clone96_6,E4,clone96,E4::clone96,4
E4_clone96_7,E4,clone96,E4::clone96,4
E4_clone97_0,E4,clone97,E4::clone97,8
E4_clone97_1,E4,clone97,E4::clone97,6
E4_clone97_2,E4,clone97,E4::clone97,6
E4_clone97_3,E4,clone97,E4::clone97,6
E4_clone97_4,E4,clone97,E4::clone97,7
E4_clone97_5,E4,clone97,E4::clone97,6
E4_clone97_6,E4,clone97,E4::clone97,7
E4_clone97_7,E4,clone97,E4::clone97,7
E4_clone97_8,E4,clone97,E4::clone97,8
E4_clone98_0,E4,clone98,E4::clone98,3
E4_clone98_1,E4,clone98,E4::clone98,5
E4_clone98_2,E4,clone98,E4::clone98,3
E4_clone98_3,E4,clone98,E4::clone98,3
E4_clone98_4,E4,clone98,E4::clone98,3
E4_clone98_5,E4,clone98,E4::clone98,4
E4_clone98_6,E4,clone98,E4::clone98,3
E4_clone98_7,E4,clone98,E4::clone98,4
E4_clone98_8,E4,clone98,E4::clone98,4
E4_clone98_9,E4,clone98,E4::clone98,4
E4_clone99_0,E4,clone99,E4::clone99,0
E4_clone99_1,E4,clone99,E4::clone99,1
E4_clone99_2,E4,clone99,E4::clone99,1
E4_clone99_3,E4,clone99,E4::clone99,2
E4_clone100_0,E4,clone100,E4::clone100,3
E4_clone100_1,E4,clone100,E4::clone100,4
E4_clone100_2,E4,clone100,E4::clone100,3
E4_clone101_0,E4,clone101,E4::clone101,3
E4_clone101_1,E4,clone101,E4::clone101,7
E4_clone101_2,E4,clone101,E4::clone101,4
E4_clone101_3,E4,clone101,E4::clone101,3
E4_clone102_0,E4,clone102,E4::clone102,0
E4_clone102_1,E4,clone102,E4::clone102,1
E4_clone102_2,E4,clone102,E4::clone102,4
E4_clone102_3,E4,clone102,E4::clone102,2
E4_clone103_0,E4,clone103,E4::clone103,2
E4_clone104_0,E4,clone104,E4::clone104,3
E4_clone104_1,E4,clone104,E4::clone104,7
E4_clone104_2,E4,clone104,E4::clone104,8
E4_clone104_3,E4,clone104,E4::clone104,6
E4_clone104_4,E4,clone104,E4::clone104,6
E4_clone105_0,E4,clone105,E4::clone105,4
E4_clone105_1,E4,clone105,E4::clone105,2
E4_clone105_2,E4,clone105,E4::clone105,2
E4_clone106_0,E4,clone106,E4::clone106,6
E4_clone106_1,E4,clone106,E4::clone106,7
E4_clone106_2,E4,clone106,E4::clone106,7
E4_clone106_3,E4,clone106,E4::clone106,6
E4_clone106_4,E4,clone106,E4::clone106,8
E4_clone106_5,E4,clone106,E4::clone106,3
E4_clone106_6,E4,clone106,E4::clone106,6
E4_clone107_0,E4,clone107,E4::clone107,6
E4_clone107_1,E4,clone107,E4::clone107,6
E4_clone107_2,E4,clone107,E4::clone107,6
E4_clone107_3,E4,clone107,E4::clone107,7
E4_clone107_4,E4,clone107,E4::clone107,8
E4_clone107_5,E4,clone107,E4::clone107,6
E4_clone107_6,E4,clone107,E4::clone107,3
E4_clone107_7,E4,clone107,E4::clone107,6
E4_clone107_8,E4,clone107,E4::clone107,8
E4_clone108_0,E4,clone108,E4::clone108,8
E4_clone108_1,E4,clone108,E4::clone108,6
E4_clone108_2,E4,clone108,E4::clone108,8
E4_clone108_3,E4,clone108,E4::clone108,7
E4_clone108_4,E4,clone108,E4::clone108,7
E4_clone108_5,E4,clone108,E4::clone108,6
E4_clone108_6,E4,clone108,E4::clone108,8
E4_clone108_7,E4,clone108,E4::clone108,8
E4_clone108_8,E4,clone108,E4::clone108,8
E4_clone108_9,E4,clone108,E4::clone108,10
E4_clone108_10,E4,clone108,E4::clone108,6
E4_clone109_0,E4,clone109,E4::clone109,8
E4_clone109_1,E4,clone109,E4::clone109,6
E4_clone109_2,E4,clone109,E4::clone109,4
E4_clone109_3,E4,clone109,E4::clone109,6
E4_clone110_0,E4,clone110,E4::clone110,2
E4_clone110_1,E4,clone110,E4::clone110,0
E4_clone110_2,E4,clone110,E4::clone110,1
E4_clone110_3,E4,clone110,E4::clone110,2
E4_clone110_4,E4,clone110,E4::clone110,0
E4_clone110_5,E4,clone110,E4::clone110,6
E4_clone110_6,E4,clone110,E4::clone110,0
E4_clone110_7,E4,clone110,E4::clone110,6
E4_clone110_8,E4,clone110,E4::clone110,1
E4_clone110_9,E4,clone110,E4::clone110,10
E4_clone110_10,E4,clone110,E4::clone110,2
E4_clone111_0,E4,clone111,E4::clone111,0
E4_clone111_1,E4,clone111,E4::clone111,0
E4_clone111_2,E4,clone111,E4::clone111,2
E4_clone111_3,E4,clone111,E4::clone111,3
E4_clone111_4,E4,clone111,E4::clone111,1
E4_clone111_5,E4,clone111,E4::clone111,1
E4_clone111_6,E4,clone111,E4::clone111,2
E4_clone111_7,E4,clone111,E4::clone111,2
E4_clone111_8,E4,clone111,E4::clone111,2
E4_clone111_9,E4,clone111,E4::clone111,1
E4_clone112_0,E4,clone112,E4::clone112,6
E4_clone112_1,E4,clone112,E4::clone112,2
E4_clone112_2,E4,clone112,E4::clone112,6
E4_clone113_0,E4,clone113,E4::clone113,4
E4_clone113_1,E4,clone113,E4::clone113,5
E4_clone113_2,E4,clone113,E4::clone113,4
E4_clone113_3,E4,clone113,E4::clone113,4
E4_clone113_4,E4,clone113,E4::clone113,4
E4_clone113_5,E4,clone113,E4::clone113,3
E4_clone113_6,E4,clone113,E4::clone113,4
E4_clone113_7,E4,clone113,E4::clone113,0
E4_clone114_0,E4,clone114,E4::clone114,8
E4_clone114_1,E4,clone114,E4::clone114,8
E4_clone114_2,E4,clone114,E4::clone114,6
E4_clone114_3,E4,clone114,E4::clone114,8
E4_clone114_4,E4,clone114,E4::clone114,7
E4_clone115_0,E4,clone115,E4::clone115,3
E4_clone115_1,E4,clone115,E4::clone115,3
E4_clone115_2,E4,clone115,E4::clone115,4
E4_clone115_3,E4,clone115,E4::clone115,3
E4_clone115_4,E4,clone115,E4::clone115,4
E4_clone115_5,E4,clone115,E4::clone115,4
E4_clone115_6,E4,clone115,E4::clone115,5
E4_clone116_0,E4,clone116,E4::clone116,6
E4_clone116_1,E4,clone116,E4::clone116,6
E4_clone116_2,E4,clone116,E4::clone116,8
E4_clone116_3,E4,clone116,E4::clone116,6
E4_clone116_4,E4,clone116,E4::clone116,3
E4_clone116_5,E4,clone116,E4::clone116,3
E4_clone116_6,E4,clone116,E4::clone116,7
E4_clone116_7,E4,clone116,E4::clone116,8
E4_clone116_8,E4,clone116,E4::clone116,6
E4_clone116_9,E4,clone116,E4::clone116,6
E4_clone116_10,E4,clone116,E4::clone116,7
E4_clone117_0,E4,clone117,E4::clone117,2
E4_clone117_1,E4,clone117,E4::clone117,8
E4_clone118_0,E4,clone118,E4::clone118,7
E4_clone118_1,E4,clone118,E4::clone118,8
E4_clone118_2,E4,clone118,E4::clone118,6
E4_clone118_3,E4,clone118,E4::clone118,6
E4_clone118_4,E4,clone118,E4::clone118,7
E4_clone118_5,E4,clone118,E4::clone118,4
E4_clone118_6,E4,clone118,E4::clone118,8
E4_clone118_7,E4,clone118,E4::clone118,7
E4_clone118_8,E4,clone118,E4::clone118,8
E4_clone118_9,E4,clone118,E4::clone118,6
E4_clone118_10,E4,clone118,E4::clone118,6
E4_clone119_0,E4,clone119,E4::clone119,3
E4_clone119_1,E4,clone119,E4::clone119,4
E4_clone119_2,E4,clone119,E4::clone119,4
E4_clone119_3,E4,clone119,E4::clone119,8
E4_clone119_4,E4,clone119,E4::clone119,4
E4_clone119_5,E4,clone119,E4::clone119,3
E4_clone119_6,E4,clone119,E4::clone119,4
E4_clone119_7,E4,clone119,E4::clone119,4
E4_clone119_8,E4,clone119,E4::clone119,3
E4_clone120_0,E4,clone120,E4::clone120,0
E4_clone120_1,E4,clone120,E4::clone120,2
E4_clone120_2,E4,clone120,E4::clone120,0
E4_clone120_3,E4,clone120,E4::clone120,2
E4_clone120_4,E4,clone120,E4::clone120,0
E4_clone120_5,E4,clone120,E4::clone120,2
E4_clone120_6,E4,clone120,E4::clone120,0
E4_clone120_7,E4,clone120,E4::clone120,6
E4_clone121_0,E4,clone121,E4::clone121,2
E4_clone121_1,E4,clone121,E4::clone121,1
E4_clone121_2,E4,clone121,E4::clone121,1
E4_clone121_3,E4,clone121,E4::clone121,1
E4_clone121_4,E4,clone121,E4::clone121,4
E4_clone122_0,E4,clone122,E4::clone122,0
E4_clone122_1,E4,clone122,E4::clone122,2
E4_clone122_2,E4,clone122,E4::clone122,2
E4_clone122_3,E4,clone122,E4::clone122,0
E4_clone122_4,E4,clone122,E4::clone122,2
E4_clone122_5,E4,clone122,E4::clone122,2
E4_clone123_0,E4,clone123,E4::clone123,4
E4_clone123_1,E4,clone123,E4::clone123,4
E4_clone123_2,E4,clone123,E4::clone123,3
E4_clone123_3,E4,clone123,E4::clone123,4
E4_clone123_4,E4,clone123,E4::clone123,3
E4_clone123_5,E4,clone123,E4::clone123,4
E4_clone123_6,E4,clone123,E4::clone123,4
E4_clone123_7,E4,clone123,E4::clone123,4
E4_clone123_8,E4,clone123,E4::clone123,3
E4_clone123_9,E4,clone123,E4::clone123,3
E4_clone123_10,E4,clone123,E4::clone123,4
E4_clone124_0,E4,clone124,E4::clone124,6
E4_clone124_1,E4,clone124,E4::clone124,8
E4_clone124_2,E4,clone124,E4::clone124,6
E4_clone124_3,E4,clone124,E4::clone124,6
E4_clone124_4,E4,clone124,E4::clone124,4
E4_clone124_5,E4,clone124,E4::clone124,7
E4_clone124_6,E4,clone124,E4::clone124,6
E4_clone124_7,E4,clone124,E4::clone124,6
E4_clone124_8,E4,clone124,E4::clone124,8
E4_clone124_9,E4,clone124,E4::clone124,7
E4_clone125_0,E4,clone125,E4::clone125,0
E4_clone125_1,E4,clone125,E4::clone125,2
E4_clone125_2,E4,clone125,E4::clone125,1
E4_clone125_3,E4,clone125,E4::clone125,0
E4_clone125_4,E4,clone125,E4::clone125,2
E4_clone125_5,E4,clone125,E4::clone125,1
E4_clone125_6,E4,clone125,E4::clone125,2
E4_clone126_0,E4,clone126,E4::clone126,0
E4_clone126_1,E4,clone126,E4::clone126,1
E4_clone126_2,E4,clone126,E4::clone126,0
E4_clone127_0,E4,clone127,E4::clone127,6
E4_clone127_1,E4,clone127,E4::clone127,4
E4_clone127_2,E4,clone127,E4::clone127,1
E4_clone127_3,E4,clone127,E4::clone127,2
E4_clone127_4,E4,clone127,E4::clone127,2
E4_clone128_0,E4,clone128,E4::clone128,1
E4_clone128_1,E4,clone128,E4::clone128,1
E4_clone128_2,E4,clone128,E4::clone128,0
E4_clone128_3,E4,clone128,E4::clone128,1
E4_clone128_4,E4,clone128,E4::clone128,4
E4_clone128_5,E4,clone128,E4::clone128,6
E4_clone128_6,E4,clone128,E4::clone128,0
E4_clone128_7,E4,clone128,E4::clone128,1
E4_clone128_8,E4,clone128,E4::clone128,1
E4_clone129_0,E4,clone129,E4::clone129,4
E4_clone129_1,E4,clone129,E4::clone129,3
E4_clone129_2,E4,clone129,E4::clone129,4
E4_clone129_3,E4,clone129,E4::clone129,7
E4_clone129_4,E4,clone129,E4::clone129,4
E4_clone129_5,E4,clone129,E4::clone129,4
E4_clone129_6,E4,clone129,E4::clone129,4
E4_clone129_7,E4,clone129,E4::clone129,4
E4_clone129_8,E4,clone129,E4::clone129,3
E4_clone129_9,E4,clone129,E4::clone129,4
E4_clone130_0,E4,clone130,E4::clone130,6
E4_clone130_1,E4,clone130,E4::clone130,6
E4_clone130_2,E4,clone130,E4::clone130,6
E4_clone130_3,E4,clone130,E4::clone130,8
E4_clone131_0,E4,clone131,E4::clone131,0
E4_clone132_0,E4,clone132,E4::clone132,10
E4_clone132_1,E4,clone132,E4::clone132,3
E4_clone132_2,E4,clone132,E4::clone132,5
E4_clone132_3,E4,clone132,E4::clone132,3
E4_clone132_4,E4,clone132,E4::clone132,4
E4_clone132_5,E4,clone132,E4::clone132,3
E4_clone132_6,E4,clone132,E4::clone132,4
E4_clone133_0,E4,clone133,E4::clone133,4
E4_clone133_1,E4,clone133,E4::clone133,3
E4_clone134_0,E4,clone134,E4::clone134,6
E4_clone134_1,E4,clone134,E4::clone134,7
E4_clone134_2,E4,clone134,E4::clone134,8
E4_clone134_3,E4,clone134,E4::clone134,6
E4_clone134_4,E4,clone134,E4::clone134,8
E4_clone134_5,E4,clone134,E4::clone134,6
E4_clone134_6,E4,clone134,E4::clone134,8
E4_clone134_7,E4,clone134,E4::clone134,6
E4_clone135_0,E4,clone135,E4::clone135,2
E4_clone135_1,E4,clone135,E4::clone135,2
E4_clone135_2,E4,clone135,E4::clone135,4
E4_clone135_3,E4,clone135,E4::clone135,10
E4_clone135_4,E4,clone135,E4::clone135,0
E4_clone135_5,E4,clone135,E4::clone135,1
E4_clone135_6,E4,clone135,E4::clone135,1
E4_clone135_7,E4,clone135,E4::clone135,1
E4_clone135_8,E4,clone135,E4::clone135,1
E4_clone135_9,E4,clone135,E4::clone135,4
E4_clone136_0,E4,clone136,E4::clone136,1
E4_clone137_0,E4,clone137,E4::clone137,4
E4_clone137_1,E4,clone137,E4::clone137,3
E4_clone137_2,E4,clone137,E4::clone137,4
E4_clone137_3,E4,clone137,E4::clone137,4
E4_clone137_4,E4,clone137,E4::clone137,3
E4_clone137_5,E4,clone137,E4::clone137,4
E4_clone137_6,E4,clone137,E4::clone137,3
E4_clone137_7,E4,clone137,E4::clone137,4
E4_clone137_8,E4,clone137,E4::clone137,4
E4_clone138_0,E4,clone138,E4::clone138,0
E4_clone138_1,E4,clone138,E4::clone138,1
E4_clone138_2,E4,clone138,E4::clone138,1
E4_clone138_3,E4,clone138,E4::clone138,1
E4_clone138_4,E4,clone138,E4::clone138,2
E4_clone138_5,E4,clone138,E4::clone138,1
E4_clone138_6,E4,clone138,E4::clone138,0
E4_clone138_7,E4,clone138,E4::clone138,1
E4_clone138_8,E4,clone138,E4::clone138,2
E4_clone138_9,E4,clone138,E4::clone138,4
E4_clone139_0,E4,clone139,E4::clone139,4
E4_clone139_1,E4,clone139,E4::clone139,4
E4_clone139_2,E4,clone139,E4::clone139,4
E4_clone139_3,E4,clone139,E4::clone139,3
E4_clone139_4,E4,clone139,E4::clone139,4
E4_clone139_5,E4,clone139,E4::clone139,4
E4_clone139_6,E4,clone139,E4::clone139,3
E4_clone139_7,E4,clone139,E4::clone139,4
E4_clone139_8,E4,clone139,E4::clone139,4
E4_clone139_9,E4,clone139,E4::clone139,4
E4_clone140_0,E4,clone140,E4::clone140,4
E4_clone140_1,E4,clone140,E4::clone140,3
E4_clone141_0,E4,clone141,E4::clone141,0
E4_clone142_0,E4,clone142,E4::clone142,7
E4_clone142_1,E4,clone142,E4::clone142,6
E4_clone142_2,E4,clone142,E4::clone142,6
E4_clone143_0,E4,clone143,E4::clone143,6
E4_clone144_0,E4,clone144,E4::clone144,0
E4_clone144_1,E4,clone144,E4::clone144,2
E4_clone145_0,E4,clone145,E4::clone145,2
E4_clone145_1,E4,clone145,E4::clone145,1
E4_clone145_2,E4,clone145,E4::clone145,2
E4_clone145_3,E4,clone145,E4::clone145,2
E4_clone145_4,E4,clone145,E4::clone145,2
E4_clone145_5,E4,clone145,E4::clone145,0
E4_clone145_6,E4,clone145,E4::clone145,2
E4_clone145_7,E4,clone145,E4::clone145,10
E4_clone146_0,E4,clone146,E4::clone146,3
E4_clone146_1,E4,clone146,E4::clone146,0
E4_clone146_2,E4,clone146,E4::clone146,2
E4_clone146_3,E4,clone146,E4::clone146,2
E4_clone146_4,E4,clone146,E4::clone146,0
E4_clone146_5,E4,clone146,E4::clone146,2
E4_clone146_6,E4,clone146,E4::clone146,2
E4_clone146_7,E4,clone146,E4::clone146,1
E4_clone146_8,E4,clone146,E4::clone146,4
E4_clone146_9,E4,clone146,E4::clone146,0
E4_clone146_10,E4,clone146,E4::clone146,1
E4_clone147_0,E4,clone147,E4::clone147,6
E4_clone147_1,E4,clone147,E4::clone147,8
E4_clone147_2,E4,clone147,E4::clone147,6
E4_clone148_0,E4,clone148,E4::clone148,2
E4_clone148_1,E4,clone148,E4::clone148,2
E4_clone148_2,E4,clone148,E4::clone148,4
E4_clone148_3,E4,clone148,E4::clone148,10
E4_clone148_4,E4,clone148,E4::clone148,2
E4_clone148_5,E4,clone148,E4::clone148,2
E4_clone148_6,E4,clone148,E4::clone148,2
E4_clone148_7,E4,clone148,E4::clone148,6
E4_clone148_8,E4,clone148,E4::clone148,2
E4_clone148_9,E4,clone148,E4::clone148,5
E4_clone149_0,E4,clone149,E4::clone149,1
E4_clone149_1,E4,clone149,E4::clone149,2
E4_clone149_2,E4,clone149,E4::clone149,1
E4_clone149_3,E4,clone149,E4::clone149,1
E4_clone149_4,E4,clone149,E4::clone149,10
E4_clone149_5,E4,clone149,E4::clone149,1
